titolo, durata, views, n_comments, n_like, genere, views, FF, paid, publ, max_quality
ESPECIAL 400 !! DESCARGA MAPA DE MOBS MINECRAFT Y ARBOL MEGA RANDOM !!, 288, 3498, 55, 67, Gaming, 3498, true, False, 2013-09-08, 5
"Here Is Love"  by Matt Redman worship cover at Oakbrook Church, 488, 25774, 6, 43, Nonprofits & Activism, 25774, true, False, 2010-03-15, 3
NSA Beach Style in Oceanside - 1985 Skateboarding Part 6, 265, 6211, 5, 42, Sports, 6211, true, False, 2007-11-28, 4
[IBM] Minecraft Mod Review - Tv mod, 177, 1421, 1, 5, Howto & Style, 1421, true, False, 2011-12-31, 6
My Favorite Hair Straightening Products, 137, 57461, 17, 99, Howto & Style, 57461, true, False, 2008-11-29, 4
【COD：BO】　SR練習中　L96A1でFFA, 407, 5688, 6, 10, Gaming, 5688, true, False, 2012-04-04, 3
Best Performing Talent for Jaycees Carnival Queen show 2010, 274, 1540, 0, 0, People & Blogs, 1540, true, False, 2010-02-27, 3
カーズ・トミカC-08ラモーン（スタンダードタイプ）Cars Ramone, 169, 4187, 0, 1, Autos & Vehicles, 4187, true, False, 2014-02-05, 6
Torneig League of Legends LANParty Puig-reig 2012, 157, 3134, 1, 6, Gaming, 3134, true, False, 2012-07-09, 5
연인과의 감동프로젝트 럭셔리 리무진 펜션 프로포즈 이벤트!!!, 480, 2209, 0, 2, Travel & Events, 2209, true, False, 2013-06-27, 4
Minecraft SG #71 | صيام 6 من شوال, 225, 14041, 84, 1071, Gaming, 14041, true, False, 2014-08-09, 5
WHITE SMOKE | MIRROR (feat. Daniel | Light Your Anchor), 125, 1815, 2, 28, Music, 1815, true, False, 2014-11-29, 6
Pandeiro Repique Duo  Brooklyn  NY 12-1-12, 120, 2286, 1, 0, Music, 2286, true, False, 2012-12-02, 6
The Fairly Current Show #66 - Jay Cee the Cow, 352, 1401, 0, 2, Entertainment, 1401, true, False, 2010-06-06, 4
Tom & jerry toys McDonald's happy meal nursery rhyme for kids, 248, 2932, 0, 10, People & Blogs, 2932, true, False, 2014-04-22, 6
Honda 2008 CBR600RR Stock Suspension Evaluation, 270, 8675, 3, 19, Sports, 8675, true, False, 2009-01-18, 3
Природа Крыма 2009!, 283, 2007, 1, 3, Travel & Events, 2007, true, False, 2013-03-03, 4
How to download FMRTE to hack football manager 2012., 124, 4592, 1, 3, Howto & Style, 4592, true, False, 2012-06-04, 3
Almyros Natura Hotel, 120, 1820, 0, 0, Travel & Events, 1820, true, False, 2009-10-03, 4
周洋和李晓蕾的婚礼 The Wedding of Zhou Yang&Xiaolei, 255, 1506, 0, 0, Howto & Style, 1506, true, False, 2010-08-27, 4
Huawei P8 lite hard reset, 192, 1677979, 247, 4100, Science & Technology, 1677979, true, False, 2015-05-29, 6
百万本のバラ　中之島バラ園２０１２, 346, 1223, 0, 1, Travel & Events, 1223, true, False, 2012-05-19, 4
Tai Chi Chuan  24 formas Open Palms, 291, 10658, 1, 33, Sports, 10658, true, False, 2008-07-13, 3
How to Scrunch a Bob, 271, 22114, 9, 108, Howto & Style, 22114, true, False, 2013-10-22, 4
NA, NA, NA, 0, 0, NA, NA, NA, NA, NA, None
Junior Klan - Paz En La Cama (3l3ctr0n1c0), 224, 166525, 14, 436, People & Blogs, 166525, true, False, 2013-04-02, 5
BOMBER UP GRADE (Fiat Elba), 128, 3653, 2, 1, Autos & Vehicles, 3653, true, False, 2008-06-08, 3
Petros Andreou Guitar Grade 8: Gran Vals, 121, 13575, 24, 30, Music, 13575, true, False, 2008-05-25, 4
Windows 8 CP | How to Run Windows 8 Modern Apps in Low Screen Resolution PC's, 302, 22354, 0, 102, Howto & Style, 22354, true, False, 2012-03-30, 5
アイカツ！　プレイ動画　撮ってみた 510, 124, 5843, 0, 28, Gaming, 5843, true, False, 2014-08-09, 4
Only One Nightclub in Dalat  Vietnam, 270, 7495, 1, 4, Travel & Events, 7495, true, False, 2011-05-04, 5
Lady Gaga - Poker Face LIVE AMERICAN IDOL, 282, 368812, 59, 1047, Music, 368812, true, False, 2013-08-25, 4
Ik Din Ayega-Jal The Band, 130, 9879, 10, 31, Music, 9879, true, False, 2009-11-23, 3
Recensione della Plush Doll di Frankie Stein e Watzit Monster High, 468, 21891, 0, 85, People & Blogs, 21891, true, False, 2012-01-16, 4
アレグロ・ヴィヴァーチェ①　Op.147-10　Allegro Vivace　M.ジュリアーニ　M.Giullani　演奏者：吉直　栄一郎, 161, 6153, 0, 8, Music, 6153, true, False, 2012-02-26, 5
Dogdance-Turnier Dachau 2012 - Anja Jakob und Merlin tanzen Moulin Rouge, 162, 1981, 0, 5, Pets & Animals, 1981, true, False, 2012-06-02, 4
1ª Prova Camp Reg BTT Cross Country 2010 (09-05-2010).wmv, 397, 1099, 0, 0, Sports, 1099, true, False, 2010-05-10, 4
Game#81 Canadiens @ Senateurs (27-4-2011), 165, 1388, 0, 4, Sports, 1388, true, False, 2011-04-10, 3
Produkttest: Mulex Samowar - Die Handhabung, 217, 10956, 5, 29, Science & Technology, 10956, true, False, 2013-03-17, 7
Making of Bon Iver Album Art - Part 1, 209, 89419, 30, 0, Entertainment, 89419, true, False, 2011-04-20, 4
Красное море в 4К видео, 301, 5111, 2, 5, Travel & Events, 5111, true, False, 2014-04-16, 8
Pullela Gopichand Badminton Academy  Hyderabad., 225, 51897, 10, 76, Sports, 51897, true, False, 2009-10-02, 4
Gagner une partie tour 1 dans Hearthstone, 352, 528386, 250, 6162, Gaming, 528386, true, False, 2014-07-13, 5
где и как купить муравьев?!, 250, 7440, 12, 56, People & Blogs, 7440, true, False, 2014-05-02, 5
Ichigo Amv Nightwish, 260, 3267, 4, 25, Music, 3267, true, False, 2007-10-20, 4
Bowser gets nominated for the "Father of the Year" award and travels around the world in 80 days., 145, 75186, 170, 967, Education, 75186, true, False, 2010-11-07, 4
My Nardi Steering Wheel Install on Miata MX-5, 238, 72009, 27, 121, Autos & Vehicles, 72009, true, False, 2011-03-11, 4
GAITA / ESTE ES "PAITO" CARAJO / LEHELVILL E. VILORIA GARCÍA. CEL. (57-3) 3003618759, 247, 2016, 0, 8, Music, 2016, true, False, 2010-02-23, 4
Call of Duty Modern Warfare 3 Sniper Montage |DsG| Clan (Pc), 181, 11029, 44, 193, Gaming, 11029, true, False, 2011-12-05, 5
文化祭　スターフィッシュ　コピー, 268, 3913, 1, 5, Music, 3913, true, False, 2011-12-03, 4
My Dad's First flight ever with the hobbyzone champ , 392, 3580, 5, 5, Entertainment, 3580, true, False, 2010-08-07, 4
SunTec @ Tech A Break 2008 | Group Dance, 328, 3147, 1, 2, People & Blogs, 3147, true, False, 2008-04-27, 4
Пабло Прекрати - Одна Правда, 214, 51958, 51, 461, Music, 51958, true, False, 2010-05-15, 5
Pan de Azúcar en las Fiestas San Gabriel, 210, 1228, 7, 5, Music, 1228, true, False, 2009-08-04, 4
Jammit App - Line 6 Mobile In, 155, 7574, 8, 8, Music, 7574, true, False, 2012-07-24, 5
fragmenty występu zespołu Armia, 267, 7436, 1, 17, Music, 7436, true, False, 2010-06-15, 3
United PvP  Enjoy, 299, 1071, 10, 3, Gaming, 1071, true, False, 2011-12-12, 4
[EZ2AC : EC] 5K - (15) A Site De La Rue [HD][Random], 156, 1945, 3, 1, Gaming, 1945, true, False, 2015-01-19, 6
Meteora, 121, 6352, 0, 36, Film & Animation, 6352, true, False, 2008-07-30, 4
Hand Ceremony and Vows, 478, 6987, 2, 5, People & Blogs, 6987, true, False, 2009-01-27, 4
biotiszta víz, 352, 1964, 0, 0, Entertainment, 1964, true, False, 2008-10-10, 3
TV Indústria: SESI Cozinha Brasil ensina a fazer Omelete Assado de Arroz 18/02/2011, 400, 2462, 1, 8, News & Politics, 2462, true, False, 2011-02-18, 3
Halo Reach Map of the Week #65 - Sword Tournament, 493, 30125, 16, 155, Gaming, 30125, true, False, 2012-10-12, 5
Soak almonds for better digestion., 141, 1342, 7, 10, Education, 1342, true, False, 2011-02-04, 3
This I Love - Guns N' Roses Cover, 313, 95422, 168, 751, People & Blogs, 95422, true, False, 2009-08-10, 3
Vukan Kovac from FC Red Star A Talented football wizard - juggling 2010  part II, 449, 128800, 29, 162, Sports, 128800, true, False, 2010-11-03, 4
CHRISTMAS DAY WITH COLLEEN!, 499, 350603, 656, 9593, People & Blogs, 350603, true, False, 2013-12-26, 5
NA, NA, NA, 0, 0, NA, NA, NA, NA, NA, None
Macross Plus - Reflection, 319, 6360, 0, 15, Film & Animation, 6360, false, False, 2007-09-23, None
Team Plankton - Tough Mudder - hardcore 10-12 mile obstacle race - mud run events, 422, 3075, 0, 7, Film & Animation, 3075, true, False, 2014-04-27, 6
Clinica de Laser  mar/2011 - Centro de Vela del Caribe, 231, 18826, 0, 39, Sports, 18826, true, False, 2011-03-02, 3
Nike SB  Eric Koston - Mr. Control, 194, 182637, 91, 864, Sports, 182637, true, False, 2012-05-08, 6
帰ってきた！ L'acampanella returns　ラカンパネラ連弾　「改」手元公開, 126, 1626, 2, 3, Entertainment, 1626, true, False, 2009-07-24, 4
NA, NA, NA, 0, 0, NA, NA, NA, NA, NA, None
[Vietsub] Red 2 - Official Trailer #2 (2013) (HD), 152, 1811, 0, 4, People & Blogs, 1811, true, False, 2013-06-23, 6
Capture Skateboarding Promo., 224, 2273, 3, 12, Comedy, 2273, true, False, 2008-03-01, 3
Lorena Simpson na Eliana - Entrevista Dublado ... Tal Qual Dublagens, 347, 89893, 65, 1084, People & Blogs, 89893, true, False, 2011-12-20, 3
Nilfisk Ralli 2014  Oripää  F-Cup (crashes & action), 479, 62166, 4, 217, Autos & Vehicles, 62166, true, False, 2014-06-07, 6
How To Download Hitman Absolution SKiDROW + Mediafire Download Link, 156, 12596, 0, 15, Howto & Style, 12596, true, False, 2012-09-25, 3
NA, NA, NA, 0, 0, NA, NA, NA, NA, NA, None
Courtney Ohehir Wingless Crash 2013, 203, 1358, 0, 4, Autos & Vehicles, 1358, true, False, 2013-07-31, 5
NAJJACI GLITCH U FIFI 15 !, 438, 456299, 432, 9445, Comedy, 456299, true, False, 2015-02-08, 5
KORNS JONATHAN DAVIS TO STAR AS DEVIL IN UPCOMING FILM, 123, 117021, 94, 281, News & Politics, 117021, true, False, 2007-05-03, 4
Чит для Subway Surf, 233, 2351, 2, 6, Comedy, 2351, true, False, 2013-02-18, 5
MTV 'Kapcai' - Dr. Kronik, 236, 52909, 0, 0, Music, 52909, true, False, 2012-07-25, 6
Jahmal Jones: Ryerson Rams PG, 466, 4404, 2, 14, Sports, 4404, true, False, 2011-12-05, 5
Wreck It Ralph! GPC 11 - SECRETS OF GAMEPLAY!, 487, 3003, 7, 5, Gaming, 3003, true, False, 2012-11-14, 6
【VOCALOID】【Touhou PV】Double Scarlet - PT - UnNamed Fansub, 214, 3606, 8, 42, Music, 3606, true, False, 2009-08-08, 3
Do you believe in magic? Aly and Aj Sims 3 Music Video, 140, 1497, 0, 4, People & Blogs, 1497, true, False, 2009-07-15, 4
Murcia Fusión (Murciabaila 2011), 164, 1707, 0, 6, Travel & Events, 1707, true, False, 2011-09-12, 5
GTA 5 Online - HUGE MONEY BONUS! $1 300 000 + FREE Game by Rockstar (Pre Order GTA 5 PC), 253, 40556, 92, 850, Gaming, 40556, true, False, 2015-01-16, 5
GLADIATOR VS　グラディエーターバーサス　プロモーションビデオ, 142, 37011, 8, 22, Gaming, 37011, true, False, 2011-09-11, 5
Super Smash Bros Melee Intro / Opening Theme Piano, 120, 1187, 5, 7, Music, 1187, true, False, 2011-05-04, 4
Mililani High School Junior Lip Sync 2009, 240, 2177, 4, 11, Entertainment, 2177, true, False, 2009-09-29, 4
Fishing Michigan: Bass Fishing Reaction Innovation's Sweet Beaver, 344, 1676, 13, 8, Sports, 1676, true, False, 2013-08-05, 6
Tony ft Rj " Keep it Player" Official Music Video, 137, 1609781, 183, 20361, Music, 1609781, true, False, 2015-08-18, 5
Обзор на мод "Battlegar" Minecraft 1.2.5, 207, 2920, 6, 18, Gaming, 2920, true, False, 2012-04-13, 4
Arika Kane - It's There, 324, 127271, 65, 1386, Music, 127271, true, False, 2014-04-21, 6
Junk Art - Dragonfly Construction  Timelapse video, 162, 6993, 2, 12, Music, 6993, true, False, 2012-09-24, 5
Christmas Lights-Coldplay Piano Cover, 229, 1404, 14, 13, Music, 1404, true, False, 2011-01-14, 3
Tap Into Savings, 358, 3175, 2, 7, Entertainment, 3175, true, False, 2011-08-30, 6
06 The Airport - The Pink Panther (2006), 129, 29540, 0, 34, Music, 29540, true, False, 2009-09-05, 5
14. Jean Luc - Els Amics de les Arts - Tenim Dret a Fer L'Animal DVD, 296, 12016, 0, 53, Music, 12016, true, False, 2014-03-26, 4
Forge of Souls Heroic Full Clear (WoW EU PTR 3.3), 305, 77726, 64, 25, Gaming, 77726, true, False, 2009-10-08, 5
Mafia 3 RU | Мафия 3 Русская Озвучка Trailer, 196, 18875, 43, 0, Gaming, 18875, true, False, 2015-08-05, 5
Bass Club Chicago Demos - Ritter Roya 5 Blue Spalt Maple, 200, 26925, 14, 81, Music, 26925, true, False, 2011-04-04, 6
Mission: Pub Crawl - how to find bar at Zychion - Entropia, 288, 2642, 0, 5, Gaming, 2642, true, False, 2010-08-31, 4
noodlesstage 35, 154, 1110, 3, 7, Entertainment, 1110, true, False, 2009-02-09, 4
bgy 579 dance contest - BOYS GET BOUNCE, 312, 1811, 0, 4, Entertainment, 1811, true, False, 2011-07-03, 4
Haifa Wehbe in Morocco "I Will Survive" English subtitles هيفاء وهبي قادره أعيش, 289, 949880, 432, 4526, Music, 949880, true, False, 2010-01-09, 4
【GTA5】最高級物件を買い、レアカーも手に入った！, 223, 4229, 2, 6, Gaming, 4229, true, False, 2014-04-03, 4
Eric Clapton - Layla with orchestra, 286, 4753, 0, 22, Music, 4753, true, False, 2009-11-30, 4
Станем разом на колiна - Дарина Кочанжи | Фестиваль Надії 2015, 204, 48498, 3, 264, Music, 48498, true, False, 2015-06-23, 6
水泳の悩み、疑問に答えます「自由形(8)」＜森塾＞【コ-53】, 177, 4507, 0, 11, Sports, 4507, true, False, 2013-10-08, 6
The Punisher The Final Days, 187, 10480, 5, 12, Film & Animation, 10480, true, False, 2007-08-29, 3
「翼をください」を歌ってみました, 225, 1573, 0, 2, Music, 1573, true, False, 2009-08-09, 3
Bulova ft Tivi Gunz - The King James (Official Video) By: JBlack809, 388, 206550, 39, 2226, Music, 206550, true, False, 2014-11-26, 6
Svadba Despina band vo Newcastle 11/11 /2012, 165, 6217, 2, 9, Comedy, 6217, true, False, 2012-11-12, 3
犬の殺処分、残酷なペットショップ、非人道的なブリーダー, 258, 60478, 7, 44, Nonprofits & Activism, 60478, true, False, 2011-07-09, 4
Making a Computer Mouse from a Mobile Phone, 171, 1503, 0, 1, Sports, 1503, true, False, 2014-04-10, 6
Neoflam - Ecolon na Zap Max (2), 161, 3181, 5, 12, Howto & Style, 3181, true, False, 2012-04-05, 3
Chim Sẻ Đi Nắng  Gunny vs Hoàng Mai Nhi  VaneLove ngày 22-01-2015 C3T4, 491, 2749, 0, 1, Gaming, 2749, true, False, 2015-01-21, 5
PD Day Training Camp with iTrain Hockey, 305, 6255, 2, 17, Sports, 6255, true, False, 2012-11-29, 5
Road to E3 - Batman: Arkham Origins, 152, 22881, 148, 465, Gaming, 22881, true, False, 2013-06-04, 5
Fast Forward  Howard Rowe, 205, 5766, 6, 41, People & Blogs, 5766, true, False, 2010-05-19, 3
เรื่องเล่าเสาร์อาทิตย์  คสช.ชี้แจงทูตนานาชาติ เหตุยึดอำนาจ 24 พฤษภาคม 2557, 139, 8077, 1, 6, News & Politics, 8077, true, False, 2014-05-24, 3
Top 10 Goals - Schalke Derby Goals against Dortmund, 271, 18579, 11, 198, Sports, 18579, true, False, 2013-10-23, 6
6 Hour War, 409, 15800, 21, 30, Entertainment, 15800, true, False, 2006-12-14, 4
Sociedad Filarmónica de Jaén - Piratas del Caribe, 449, 2288, 3, 4, Entertainment, 2288, true, False, 2009-12-22, 4
Grand Theft Auto IV PC Swingset Glitch, 166, 8123, 13, 32, Entertainment, 8123, true, False, 2008-12-20, 7
Jeff Hardy VS Ricky Ortiz deutscher kommentar, 281, 33233, 20, 55, Sports, 33233, true, False, 2009-05-17, 4
[CJ오쇼핑] 여자피구 준결승, 297, 1713, 0, 4, Entertainment, 1713, true, False, 2012-06-13, 4
Fame Super Seniors 01/31/2015, 176, 3137, 2, 15, Sports, 3137, true, False, 2015-02-03, 6
Cal Crowell Functional Training - 5 min. Complex Cardio Workout, 354, 2713, 0, 10, People & Blogs, 2713, true, False, 2011-02-06, 5
FIESTAS DEL DESIERTO 2011 - VITTO RIVERA en Duna Reina., 129, 1423, 0, 3, Entertainment, 1423, true, False, 2011-09-03, 3
Rahn RotorWay Helicopter Flyby of Engel Rd., 176, 8873, 7, 11, Travel & Events, 8873, true, False, 2007-10-21, 3
Turtle Wax Super Protectant, 283, 3767, 4, 7, Science & Technology, 3767, true, False, 2012-04-22, 4
Annihilate - Santiago Azpurua, 134, 7603, 2, 23, Sports, 7603, true, False, 2007-11-22, 4
Mainkarpfen (märz2013) karpfenangeln, 291, 5027, 2, 8, Pets & Animals, 5027, true, False, 2013-04-06, 6
大型トラックの車窓から...vol.45... 首都高速4号新宿線〜湾岸線大黒ふ頭出口 篇, 471, 2688, 0, 9, Autos & Vehicles, 2688, true, False, 2014-10-29, 5
T- BASS STREET MANIA 2010 Podvodni Zpravy, 184, 1542, 0, 2, Music, 1542, true, False, 2010-09-12, 3
Det kimer nu til Julefest Elite Orkester  København  Denmark ca 1917, 151, 4626, 0, 7, Music, 4626, true, False, 2009-11-04, 4
Slavik & Karina (Cha-cha-cha), 234, 569205, 61, 729, Film & Animation, 569205, true, False, 2006-08-01, 3
How I make  install  and cut my curly U-Part wig, 286, 4440, 7, 71, Howto & Style, 4440, true, False, 2014-11-06, 4
CJ SE CONVIERTE EN TAXISTA GTA San Andreas (Loquendo), 369, 4625, 6, 65, Gaming, 4625, false, False, 2013-12-10, None
【無謀にも】森田将棋の最強AIに後手で挑んでみた【負け戦】, 330, 1696, 0, 2, Gaming, 1696, true, False, 2012-12-21, 3
Fishing Guide Kalama River Winter Steelhead 2014, 342, 2108, 1, 5, Sports, 2108, true, False, 2014-03-07, 6
3 Chest Workouts for Well-Rounded Pec Development, 210, 3970, 8, 79, Howto & Style, 3970, true, False, 2015-05-14, 5
Ouran Host Club - 100 years AMV, 263, 5945, 17, 77, Film & Animation, 5945, true, False, 2009-09-20, 4
Airlider Volando en paramotor sobre el Camping de la A.J.B. - Miramar, 297, 1592, 2, 5, Sports, 1592, true, False, 2011-08-30, 6
It Ain't Over, 456, 1516, 4, 13, Music, 1516, true, False, 2011-03-30, 3
Nina Choi / Then You Looked At Me (New Solo), 160, 7722, 1, 46, People & Blogs, 7722, true, False, 2013-12-06, 5
Capitán Memo - Festival de los Robots (Lima - Perú 2010), 206, 28955, 35, 227, Music, 28955, true, False, 2010-12-08, 6
Royal French: Ремонт сломанного ногтя, 271, 14829, 7, 166, Howto & Style, 14829, true, False, 2015-03-15, 6
CUSUR VAQUITAS MVZ, 260, 1605, 0, 5, Sports, 1605, true, False, 2008-04-18, 4
Justin Bieber BT Polônia 25.03  BoyFriend (Belieber sobe em cima do Palco), 179, 1184, 0, 8, People & Blogs, 1184, true, False, 2013-03-26, 4
Ilaria Bonin - Record DNF 163 mt, 251, 3432, 1, 16, Sports, 3432, true, False, 2012-11-22, 5
David Bustamante - Al filo de la irrealidad, 234, 16071, 8, 87, Music, 16071, true, False, 2010-01-30, 3
História do pescador potiguar resgatado no Ceará, 445, 16550, 9, 206, News & Politics, 16550, true, False, 2011-09-12, 4
Ashley Conrad's Fat-Torching Circuit Workout - Bodybuilding.com, 394, 120269, 50, 1330, Howto & Style, 120269, true, False, 2015-03-24, 5
Ellos y Thalia medley 90´s The viva tour Mexico 27/042013, 366, 12758, 28, 82, Music, 12758, true, False, 2013-05-01, 5
The Angel of the North, 263, 1514, 2, 5, Autos & Vehicles, 1514, true, False, 2012-08-30, 5
Elliott 7 NSW States 2008, 264, 1492, 0, 3, Sports, 1492, true, False, 2008-10-13, 3
Spanish Road Trip, 493, 34846, 18, 623, Sports, 34846, true, False, 2014-12-17, 5
E-Class Experience Paris-Beijing completes its mission, 128, 1583, 0, 3, Autos & Vehicles, 1583, true, False, 2006-12-04, 3
Inter - Cori dedicati ai giocatori 2009-2010 - Curva Nord Milano, 244, 325263, 74, 1254, Sports, 325263, true, False, 2009-12-09, 4
SIR Saskatoon International Raceway Sportsman/Pro class racing, 444, 3443, 0, 6, Autos & Vehicles, 3443, true, False, 2009-08-23, 3
Misas y fiestas - Antonio Elías, 170, 8969, 1, 5, Music, 8969, true, False, 2011-10-04, 4
WWE Wrestlemania 31- WWE Intercontinental Championship Ladder Match Highlights/Analysis, 329, 3041, 0, 1, Sports, 3041, true, False, 2015-03-25, 5
Yugioh! GX Duel Academy (GBA) Blonde deck vs Chumley, 194, 1498, 1, 5, Gaming, 1498, true, False, 2011-05-18, 3
GNF 2 '2011-2012' [ RAC VS IRT ] Hercules A Casablanca !, 479, 11802, 10, 37, Sports, 11802, true, False, 2011-09-18, 4
GGXXAC　チップ　コンボムービー　『ＰＡＰＥＲ　ＢＬＯＯＤ』, 345, 11554, 3, 22, Entertainment, 11554, true, False, 2009-01-26, 3
SALIDA HISTORICA DEL ETERNO CAMPEON, 241, 14261, 5, 26, Sports, 14261, true, False, 2006-12-19, 3
Transparente; Maria Sascha Khan  Dominic Hodal choreography Ronald Savkovic, 319, 1747, 2, 12, People & Blogs, 1747, true, False, 2010-10-02, 4
Just Like You-Inuyasha, 198, 2335, 3, 9, Entertainment, 2335, true, False, 2008-06-30, 4
Ronaldo vs Betis La Liga 04/05 Home, 460, 48192, 31, 351, Sports, 48192, true, False, 2011-06-07, 4
Nanda NRX-10 drift car unboxing, 301, 3351, 0, 13, Autos & Vehicles, 3351, true, False, 2014-01-16, 5
Sunday League Football - THE GENERATION GAME, 395, 138346, 133, 1390, Sports, 138346, true, False, 2015-03-08, 6
Comida andina del Perú, 255, 4477, 2, 5, Howto & Style, 4477, true, False, 2008-03-20, 3
Muscle Car Of The Week Video #36: 1966 Plymouth Belvedere II 426 Hemi Convertible, 459, 17164, 25, 245, Autos & Vehicles, 17164, true, False, 2014-02-20, 5
ZX12R camera test 2 NIGHT, 500, 6178, 3, 4, Autos & Vehicles, 6178, true, False, 2010-03-06, 4
NA, NA, NA, 0, 0, NA, NA, NA, NA, NA, None
Thank you 2012!, 498, 48753, 159, 954, Music, 48753, true, False, 2013-01-23, 6
Afslutning af hat på strikkering. Nr 3, 471, 12368, 0, 30, Howto & Style, 12368, true, False, 2012-09-22, 3
Good Cause - Für Frieden in Kolumbien (Lash & Jirri), 219, 2340, 3, 26, Music, 2340, true, False, 2013-06-05, 6
In-N-Out Burger and the average guy, 394, 2214, 26, 67, Howto & Style, 2214, true, False, 2014-04-06, 5
La Linea 130, 155, 9949, 0, 19, Film & Animation, 9949, true, False, 2008-02-15, 3
Baylor University Gold, 461, 3309, 2, 32, Music, 3309, true, False, 2014-08-03, 6
Evalectric - The New Evolution Hair Products Review!, 445, 60031, 54, 174, Howto & Style, 60031, true, False, 2015-01-01, 5
Interesting Tire Fact - M13, 256, 45220, 288, 631, Autos & Vehicles, 45220, true, False, 2012-10-26, 6
Sonic Adventure 2 Battle E.G.G.M.A.N. (Dr. Eggman's Theme), 202, 47027, 115, 0, People & Blogs, 47027, true, False, 2012-11-20, 5
Mustafa Ceceli - Kalbim artık atsa atsa, 220, 14244, 0, 13, Music, 14244, true, False, 2013-06-14, 6
Gta San Andreas Samp: War on a Skyscraper (Война на небоскребе), 404, 49252, 5, 75, Gaming, 49252, true, False, 2012-08-08, 5
Buakaw Switch Kick - Martial Arts Classes Birmingham, 125, 144551, 61, 481, Howto & Style, 144551, true, False, 2012-02-13, 5
dj gabby rnb.wmv, 302, 2398, 2, 6, Entertainment, 2398, true, False, 2009-11-25, 3
GTA V TRAILER CJ's REACTION !, 128, 24530, 59, 293, Gaming, 24530, true, False, 2012-06-15, 5
Alan Jackson - Good Time (guitar cover), 173, 37609, 26, 0, Music, 37609, true, False, 2012-03-08, 4
Making Stage 1 Baby Food, 154, 5350, 18, 43, Howto & Style, 5350, true, False, 2009-09-17, 4
Walter Röhrl mit Porsche Boxster S auf den Spuren der Rallye Monte Carlo, 238, 1278, 0, 10, Autos & Vehicles, 1278, true, False, 2012-03-14, 6
hmioud djeraidi at the pool 2012 setif algérie(final), 226, 8796, 2, 25, People & Blogs, 8796, true, False, 2012-01-29, 5
★ Retro Games - Super Smash Bros  The Good One  ft. Hengest! - TGN, 407, 5354, 73, 425, Entertainment, 5354, true, False, 2011-07-06, 6
EasyCap quality test, 269, 2346, 9, 4, Gaming, 2346, true, False, 2008-10-02, 4
Kışın Nasıl Balık Tutulur, 137, 27089, 5, 29, Comedy, 27089, true, False, 2011-02-04, 3
Epic Cheer Cobalt, 196, 1712, 0, 4, Sports, 1712, true, False, 2010-02-07, 4
Trujillo036 PALO BLANCO infantes 1ra final 5ta tanda - 53 concurso marinera Trujillo 2013 jcz, 274, 4758, 3, 13, Music, 4758, true, False, 2013-02-09, 4
Cukrova repa 2009, 120, 1857, 0, 1, Autos & Vehicles, 1857, true, False, 2009-10-07, 3
Skoda fabia wrc 4x4, 197, 13821, 0, 5, Autos & Vehicles, 13821, false, False, 2009-12-01, None
Art of Fighting, 130, 1305, 1, 2, Music, 1305, true, False, 2006-09-07, 3
Szemere - Kányi elág / B.A.Z. rallysprint - Grudzinski Zsolt / Farkas László, 473, 1468, 3, 5, Sports, 1468, true, False, 2011-04-05, 4
Beaulieu- Supercar Start-Up 2011, 255, 4529, 0, 5, Autos & Vehicles, 4529, true, False, 2011-09-07, 4
White Christmas ~ ~ Tommy Emmanuel, 212, 7326, 2, 43, Entertainment, 7326, true, False, 2012-12-23, 5
Rose and Black Strela Russian Chronograph Wrist Watch, 223, 6194, 0, 5, Howto & Style, 6194, true, False, 2010-08-05, 4
ayam laga baka kg baru untuk dijual, 182, 12187, 2, 9, Pets & Animals, 12187, true, False, 2011-07-19, 3
Welsh Male Voice Choir - "The Two Welsh Patriots"  - Cantorion Colin Jones, 208, 16387, 7, 41, Music, 16387, true, False, 2007-05-20, 3
The Enfield Salvation Army Band in Consett Part 3, 383, 1671, 0, 1, People & Blogs, 1671, true, False, 2008-05-27, 4
Desenho Bíblico: O Filho Pródigo | ♪Partic. - Naum e ♫Tudo é do Pai - Gilson Campos, 180, 26572, 0, 362, Film & Animation, 26572, true, False, 2013-07-26, 4
Lente Nikon 18-105mm Af-s Ed Vr + Filtro UV Estado de nova tafacio, 193, 4589, 7, 13, Entertainment, 4589, true, False, 2014-01-28, 5
BMW 740 iL 2000, 314, 12407, 2, 29, Autos & Vehicles, 12407, true, False, 2011-10-13, 4
Hazel Culliney | Midnight Swim, 201, 1915, 1, 24, Entertainment, 1915, true, False, 2015-01-18, 6
Como descargar super smash brosh crusade, 209, 2905, 1, 4, Gaming, 2905, true, False, 2010-07-19, 5
GoPro Hero 2: Skateboard Mount, 131, 5522, 1, 11, Sports, 5522, true, False, 2012-02-21, 6
Broederliefde - Spangeshake, 157, 68756, 27, 278, People & Blogs, 68756, true, False, 2013-06-21, 6
RegClean Pro 6.21 + Serial: Faça uma Limpeza no Registro do Windows [2013], 300, 48517, 162, 580, Education, 48517, true, False, 2013-07-19, 6
zwaar transport twente tunnel de bielsa mp4 2, 355, 1949, 0, 3, Autos & Vehicles, 1949, true, False, 2013-09-17, 3
"Your Song" Elton John  Santiago-Chile 2009, 225, 1261, 0, 2, Music, 1261, true, False, 2009-01-29, 4
Óscar  Dani y Juan  cantando en la Boda de Jesus y Ana 25.08.2012-UBRIQUE.AVI, 176, 1550, 1, 5, Music, 1550, true, False, 2012-08-26, 4
Halo 3 Bullet-Proof Skin, 257, 8578, 4, 27, Entertainment, 8578, true, False, 2007-06-27, 4
Be my Friend - Free (Kossoff) - ONLY TUTORIAL ON THE NET, 298, 12497, 5, 29, People & Blogs, 12497, true, False, 2011-12-13, 5
FREE FLP - 10 Hip Hop Piano Melodies + Free Loop [German DJ Tutorials], 253, 23638, 33, 154, Entertainment, 23638, true, False, 2012-08-03, 6
新楓之谷超技能夜使者 單打普通炎魔第1場, 139, 11237, 3, 10, People & Blogs, 11237, true, False, 2013-05-26, 5
FINAL FANTASY IX - Los Saltos en la cuerda [Rey de la Comba] [CHEAT ENGINE], 213, 11902, 35, 25, Gaming, 11902, true, False, 2012-09-22, 5
Jurien Bay 2013, 234, 5596, 43, 113, Entertainment, 5596, true, False, 2013-04-09, 5
お笑い２バタ, 295, 3039, 0, 9, Sports, 3039, true, False, 2008-09-14, 3
Some 4A tricks, 124, 1524, 6, 7, Entertainment, 1524, true, False, 2008-12-29, 4
Zoom's star studded holi party, 241, 25424, 0, 0, Entertainment, 25424, true, False, 2009-03-12, 4
John Havlicek *Keep Running* Mix, 185, 51527, 30, 120, Sports, 51527, true, False, 2010-08-17, 3
Deizuke and Kiba kissed Shizue, 179, 1609, 5, 0, Film & Animation, 1609, true, False, 2008-08-26, 3
Dota Funny Moments, 297, 30001, 11, 35, Gaming, 30001, true, False, 2011-07-11, 4
[Neo MMO]Tera Online Promotion Video, 244, 5800, 10, 6, Gaming, 5800, true, False, 2009-01-23, 3
non bo  thac nuoc 1.mpg, 327, 1843, 0, 0, Science & Technology, 1843, true, False, 2011-11-05, 4
red sea, 223, 305493, 85, 667, Travel & Events, 305493, true, False, 2007-03-27, 4
como instalar d3dx9_34.dll para cod mw  gta sa  sims y cualquier otro juego, 255, 72943, 76, 285, People & Blogs, 72943, true, False, 2013-07-20, 6
ΑΕΛ-ΟΛΥΜΠΙΑΚΟΣ ΒΟΛΟΥ (01/09/14) PREGAME, 449, 6494, 9, 37, Sports, 6494, true, False, 2014-09-11, 3
Waka Waka, 191, 3680, 0, 9, Sports, 3680, true, False, 2010-07-08, 3
Best Custom Wood Planter Boxes by nyplantings, 265, 13326, 5, 28, People & Blogs, 13326, true, False, 2014-05-28, 4
Madison Shorts Recruiting Video, 458, 1167, 0, 3, Sports, 1167, true, False, 2009-11-01, 4
Khafif at Triballement Votre 2, 240, 1531, 0, 5, Entertainment, 1531, true, False, 2007-04-25, 3
ROSA-CHA-CHA-CHA, 139, 1774, 0, 6, Entertainment, 1774, true, False, 2008-07-22, 4
Castle House School Prospectus DVD, 443, 3083, 0, 6, Education, 3083, true, False, 2012-06-20, 3
Castle Of Illusion ( ITA ) - 10 - LA LIBRERIA ATTO 1, 458, 9157, 1, 35, Gaming, 9157, true, False, 2013-09-24, 5
Making a glue scraper/saw to fix a 1930s Kay, 244, 78885, 15, 452, Howto & Style, 78885, true, False, 2014-01-30, 5
CIVIC SI TURBO PARANÁ - 428 CV "FOSCO", 164, 201171, 184, 619, Autos & Vehicles, 201171, true, False, 2012-09-22, 5
Let's Play Megaman X Command Mission - Chapter 4 BOSS2 - Mad Nautilus, 454, 1950, 6, 8, Gaming, 1950, true, False, 2009-10-09, 4
Wedding Garters from NuptialNET, 144, 1943, 0, 0, People & Blogs, 1943, true, False, 2009-10-21, 4
My Little pony Vampire bats song Filly version 2, 141, 143670, 0, 526, Film & Animation, 143670, true, False, 2014-01-11, 6
U2 - Ultraviolet - live version 360 - by Marcus Vinicius - experience POD XT PRO, 313, 2487, 4, 13, Music, 2487, true, False, 2011-03-14, 4
This is our God- Piano, 203, 4466, 6, 12, Music, 4466, true, False, 2008-10-15, 4
War Commander New RYU-KAI 45, 285, 2793, 1, 2, Gaming, 2793, true, False, 2015-02-01, 5
Dubai Fountain with Arabic Song. 18.02.2013, 250, 4543, 2, 10, People & Blogs, 4543, true, False, 2013-02-18, 5
Deep Sleepers for the 2015 Fantasy Football Season, 186, 1715, 1, 17, Sports, 1715, true, False, 2015-07-04, 6
Tutorial: Cómo coser alforzas, 237, 180433, 44, 2086, Howto & Style, 180433, true, False, 2014-04-12, 5
Musette Waltz -performed by ROUGE -La Mangave - Jo Privat -, 140, 18767, 7, 48, Music, 18767, true, False, 2008-01-24, 3
Eigentumswohnung  NEU saniert   Loggia Dornbach, 147, 3099, 0, 2, News & Politics, 3099, true, False, 2011-10-31, 6
Омлет без молока! (omelette without milk), 245, 53264, 82, 394, People & Blogs, 53264, true, False, 2014-02-13, 4
Wilfredo Vázquez Jr e Iván "Choko" Hernández hablan de su pelea en Kissimmee, 121, 2073, 0, 1, Sports, 2073, true, False, 2010-09-30, 4
Navidad Rayada 2012 (Full), 162, 27788, 28, 282, Sports, 27788, true, False, 2012-12-24, 5
מכבי חיפה - הפועל רעננה 1:3 - תקציר המשחק! 08.02.14, 253, 28331, 4, 75, Sports, 28331, true, False, 2014-02-08, 5
William, 210, 171200, 20, 256, Entertainment, 171200, true, False, 2011-03-22, 4
ESPN Sportscenter Week 1, 249, 9083, 18, 14, Sports, 9083, true, False, 2008-02-06, 4
Chaotic Battle 1, 301, 12446, 3, 9, People & Blogs, 12446, true, False, 2009-05-20, 4
'Colombiana' Official Trailer, 140, 13553, 0, 14, Film & Animation, 13553, false, False, 2011-05-25, None
Youth Hunting: Rack Pack Video, 188, 1161, 0, 10, Sports, 1161, true, False, 2012-08-29, 4
Audi A6 Avant world premiere, 159, 4148, 1, 7, Autos & Vehicles, 4148, true, False, 2011-05-20, 4
Inuyasha Kagome(Four Seasons guys voice), 234, 10974, 0, 57, Film & Animation, 10974, false, False, 2008-03-10, None
How To Become Vegan - Get Started Today!!, 223, 2101, 11, 77, Education, 2101, true, False, 2014-11-09, 6
Minecraft Rehber 5. Bölüm Nether Wart Çiftliği, 436, 4280, 10, 10, Gaming, 4280, true, False, 2012-06-14, 3
joyarrows The lovely parrot escape walkthrough, 129, 2285, 0, 1, People & Blogs, 2285, true, False, 2015-07-01, 3
GTA V Online Funny Moments | "SKY HIGH BATTLE" | E040 (GTA 5), 307, 118088, 57, 2262, Gaming, 118088, true, False, 2013-12-28, 6
Conseils d'entretien pour le poinsettia 2013, 222, 17865, 0, 35, Education, 17865, true, False, 2013-10-21, 6
Soulcalibur V - Online Play - Cervantes, 129, 5801, 0, 9, Gaming, 5801, true, False, 2012-03-05, 4
Numata - Pesona (Video Clip), 205, 1760487, 1145, 8302, Music, 1760487, true, False, 2011-03-09, 4
DIE PERFEKTEN SOMMER-NAGELLACKE von Orly & Models Own | Collchen14, 389, 5221, 21, 239, Howto & Style, 5221, true, False, 2015-07-01, 5
Samsung Infuse 4g AT&T (Please Help), 246, 16315, 59, 9, Science & Technology, 16315, true, False, 2012-06-23, 6
LAGRIMAS AMARGAS :: PESADO :: 93-03 EXPO GUADALUPE, 248, 4216, 1, 21, People & Blogs, 4216, true, False, 2013-02-07, 3
Flute and Piccolo Finishing, 206, 20532, 9, 173, Music, 20532, true, False, 2012-08-21, 5
Sponge Bob with added bleeps THE MOVIE pt 2, 336, 8676, 1, 11, Comedy, 8676, true, False, 2008-03-28, 4
chaabi el aboudi 1-2 2012, 472, 267443, 15, 539, Music, 267443, true, False, 2012-05-30, 4
diamond test  presidium multi tester 3 test, 304, 26046, 14, 78, People & Blogs, 26046, true, False, 2014-02-05, 4
Coque com Trança | All Things Hair™, 334, 44243, 71, 3545, Howto & Style, 44243, true, False, 2015-05-18, 6
Brett Anderson - Love Is Dead, 222, 3649, 2, 16, Music, 3649, true, False, 2007-03-16, 3
高校生 バンド 文化祭 / UVERworld CHANCE, 324, 291665, 243, 1809, People & Blogs, 291665, true, False, 2013-10-04, 5
CAT 120 Motorgrader, 124, 7865, 3, 63, Autos & Vehicles, 7865, true, False, 2013-02-14, 6
Easthampton Ma. High School Building Project Update 2-20-13, 207, 4412, 0, 17, People & Blogs, 4412, true, False, 2013-02-24, 5
How To Install Hacked Client Jam Client 1.8-1.8.4 For Minecraft, 221, 32340, 61, 159, Gaming, 32340, true, False, 2015-04-07, 5
Metin2.GR Mariannos vs Mesias (roufianos), 140, 1331, 1, 0, Gaming, 1331, true, False, 2012-07-10, 5
Motivação Bodybuilding - Jay Cutler - O Retorno. (Legendado.), 283, 38027, 21, 421, Sports, 38027, true, False, 2012-11-10, 4
Musou Orochi Z - Gyuki  Failed Chaos Mode No-Pickup Solo Crawl (Orochi-8)  Part 1/2, 381, 1095, 3, 2, Gaming, 1095, true, False, 2009-12-19, 4
Ivan y Esther. www.salsaspain.com, 126, 1883, 0, 1, Music, 1883, true, False, 2006-06-18, 3
Neues Design Rüssis & Skills, 239, 17035, 10, 20, Gaming, 17035, true, False, 2010-02-12, 4
Iron Maiden - fear of the dark - Live in Prague Aug 8th 2008, 434, 1461, 2, 6, Music, 1461, true, False, 2008-08-11, 4
Some of the BEST Cyanide and Happiness video's, 190, 59020, 10, 211, People & Blogs, 59020, true, False, 2012-05-05, 5
Prolouge/Murder  Murder!, 172, 1175, 1, 1, Music, 1175, true, False, 2007-09-01, 3
N905i実機その1_設定, 131, 3365, 0, 0, Science & Technology, 3365, true, False, 2007-12-02, 3
JCC Choir - 나의 맘에 근심 구름, 136, 1864, 0, 3, Music, 1864, true, False, 2012-09-17, 4
Savage Classical Guitar - 2010 Masaki Sakurai RF Maestro, 134, 15154, 0, 60, Music, 15154, true, False, 2013-11-14, 6
waarom fluister ik je naam nog..., 141, 2158, 1, 2, People & Blogs, 2158, true, False, 2008-06-21, 4
tekken dr long island XIX, 328, 1453, 0, 3, Entertainment, 1453, true, False, 2007-06-12, 3
2012 Infiniti QX56 SUV Review towing trailers by www.MrTruck.com, 318, 16049, 12, 36, Autos & Vehicles, 16049, true, False, 2012-06-23, 6
Giant UFOs near the Sun - Review of NASA images for January 30  2014, 140, 3540, 2, 20, Science & Technology, 3540, true, False, 2014-01-30, 5
JOHN 3:16 (closing), 241, 1960, 1, 3, People & Blogs, 1960, true, False, 2007-11-25, 4
旋風管家 作者 畑 健二郎 老師簽名會, 140, 2519, 0, 10, Entertainment, 2519, true, False, 2011-08-14, 5
mitos y leyendas parte 2:la leyenda de tails doll el muñeco de sonic, 170, 7160, 3, 11, Education, 7160, true, False, 2011-11-02, 4
Tutorial: Caged Octahedron (Zen Magnets), 461, 22834, 11, 153, Entertainment, 22834, true, False, 2011-08-15, 5
Great Lakes Shrine Pipe Bands gathering, 221, 1865, 0, 5, Music, 1865, true, False, 2007-09-26, 4
Ninja Defuse Montage: With Reactions!, 265, 1155085, 3067, 24734, Gaming, 1155085, true, False, 2010-10-20, 5
Bande de Fort-Mardyck 2014, 419, 9156, 1, 23, People & Blogs, 9156, true, False, 2014-02-01, 6
DJ Solovey - Kazanzip Electro (Radio Edit), 368, 1681, 0, 8, Music, 1681, true, False, 2011-04-07, 6
2014 AUTOBACS SUPER GT Round 3 GT300 #61, 129, 13964, 0, 67, Sports, 13964, true, False, 2014-05-31, 5
Mindi Abair painted using time lapse video, 260, 2617, 3, 9, Music, 2617, true, False, 2010-05-12, 3
Everybody Rejoice, 399, 4996, 6, 10, Entertainment, 4996, true, False, 2008-10-14, 4
Lo Que La Calle Me Enseño - Sonyk Rk Ft Turris 45  Mc Duke  Kizzer (VIDEO OFICIAL), 249, 3803, 4, 75, Music, 3803, true, False, 2015-02-17, 6
Crochet Braids: Marley Hair Braid Out, 210, 10387, 21, 83, Howto & Style, 10387, true, False, 2013-06-10, 4
Titan Mustang and Spitfire Mk26 display flying at French Air Force Airshow, 319, 11011, 3, 0, Autos & Vehicles, 11011, true, False, 2014-07-22, 5
[THE ROSE]  by Gospel Choir ROSE, 231, 90123, 7, 98, Entertainment, 90123, true, False, 2010-07-14, 4
Hats, 157, 3576, 5, 26, Entertainment, 3576, true, False, 2011-02-10, 3
ピアソラ：ブエノスアイレスの夏 （アサド編）Verano Portêno - Astor Piazzolla~Sergio Assad, 179, 7550, 1, 29, Music, 7550, true, False, 2014-02-26, 4
獻詩：100313 男女對唱─愛(五餅二魚版本), 216, 5499, 2, 8, Music, 5499, true, False, 2010-03-16, 3
[Allods MMORPG] I love my Druide !, 245, 1570, 2, 5, Gaming, 1570, true, False, 2011-01-29, 4
Neil Young - Heart of Gold (with Frusciante's solo), 184, 16288, 22, 79, Music, 16288, true, False, 2012-11-19, 3
Sarakasi Acrobats 3, 196, 22313, 1, 27, Entertainment, 22313, true, False, 2009-08-21, 3
Neros feat. Alanta - Save Me ( HiNrg Radio Edit ), 194, 288686, 67, 378, Music, 288686, true, False, 2009-02-19, 3
Marcin Kuzba / Lausanne Sports, 125, 8061, 2, 14, Sports, 8061, true, False, 2007-07-02, 3
Zumba with kathy dale maraca, 211, 2988, 0, 15, Sports, 2988, true, False, 2013-12-19, 5
Hijab in Style (www.zaharah.com), 223, 1598, 0, 0, Entertainment, 1598, true, False, 2012-05-09, 3
presse a metal, 286, 8490, 1, 6, Autos & Vehicles, 8490, true, False, 2009-06-18, 4
Presto-Molto allegro e vivace, 429, 1308, 0, 6, People & Blogs, 1308, true, False, 2009-04-06, 4
Tackle Grab Unboxing July 2013, 343, 4383, 10, 44, Sports, 4383, true, False, 2013-07-30, 5
[RSPS] Pkallyouwant- We're Waiting for you - Barrows pker, 220, 1186, 15, 4, Gaming, 1186, true, False, 2009-10-26, 5
Inside Llewyn Davis (2014) Inside the Ensemble [HD], 260, 19716, 2, 68, Film & Animation, 19716, true, False, 2014-01-16, 5
NA, NA, NA, 0, 0, NA, NA, NA, NA, NA, None
How to update RDP Wrapper manually, 362, 68342, 18, 158, Education, 68342, true, False, 2015-02-06, 4
LADY GAGA - Marry The Night featuring "Cute little peanut" on stage, 495, 1859, 3, 16, Entertainment, 1859, true, False, 2012-06-28, 4
Enduro roc 2013, 267, 1816, 0, 2, Sports, 1816, true, False, 2013-10-10, 6
Howard Products Restor A Finish and Feed N Wax, 131, 19457, 1, 30, People & Blogs, 19457, true, False, 2011-05-16, 4
Makayla Jacmacjian's solo- Walk Away, 178, 1411, 0, 16, People & Blogs, 1411, true, False, 2013-08-22, 4
Leticia Castro's Fairytale Wedding - Meet Mr. & Mrs. Prince, 349, 27777, 58, 439, Entertainment, 27777, true, False, 2013-05-19, 5
0503 グランジ, 383, 13131, 1, 57, People & Blogs, 13131, true, False, 2013-08-30, 3
Kingdom Rush - Twin Rivers - Hard - Iron Challenge Walkthrough, 140, 1418, 0, 2, Gaming, 1418, true, False, 2013-06-02, 6
Como fazer papinha para periquitos australianos, 191, 38862, 56, 357, People & Blogs, 38862, true, False, 2014-12-23, 3
Allotment Diary Nov 6 : Quick tour Rat-proof Polytunnel & surprise Broccoli, 315, 6816, 18, 84, Education, 6816, true, False, 2013-11-06, 5
69 West 83rd Street  The Quintessential Townhouse, 389, 3822, 2, 8, Travel & Events, 3822, true, False, 2010-10-13, 4
Chambrita hexagonal parte 2, 280, 5722, 0, 40, People & Blogs, 5722, true, False, 2014-04-25, 4
Miss Sinulog Festival Queen 2009(Siloy   Alcoy Cebu), 211, 8532, 3, 5, People & Blogs, 8532, true, False, 2009-01-20, 3
{BDS} All We Are ~, 138, 3464, 16, 104, Nonprofits & Activism, 3464, true, False, 2011-10-23, 5
Light Spinning, 126, 2972, 2, 17, Entertainment, 2972, true, False, 2015-01-20, 4
Heaven and Hell The sign of the southern cross philadelphia, 395, 5586, 2, 11, Music, 5586, true, False, 2007-05-13, 3
StarTrompeter Franz Hackl Karlheinz Töchterle Moser Hermann Petz LH Günther Platter Tobias Moretti, 326, 19558, 9, 22, People & Blogs, 19558, true, False, 2009-09-17, 3
Химиотрассы Ростов-Москва (для семинара 26_04_15) В. Рогожкин, 346, 14538, 80, 297, Education, 14538, true, False, 2015-04-08, 3
UN SMOOTHIE FRESCO CON ALIMENTOS VIVOS  UNA COMIDA COMPLEMENTARIA PARA EL DIA A DIA!, 379, 1657, 0, 21, People & Blogs, 1657, true, False, 2013-05-08, 6
362  Cute Kid Dancer Meets His Hero on The Ellen Degeneres Show, 253, 12215, 12, 62, Entertainment, 12215, true, False, 2013-12-15, 3
Suki To Itte Karaoke, 313, 2818, 0, 20, Entertainment, 2818, true, False, 2008-07-10, 4
GTASA ドナルドの秋名(榛名)山 下りチャレンジ, 242, 15108, 0, 0, Gaming, 15108, true, False, 2012-08-25, 4
Thích ăn rau quả qua những bài thơ  bài hát dễ thương về rau quả, 142, 13034, 0, 2, Education, 13034, true, False, 2014-06-08, 4
Summer of 2012: Wild Elite Lacrosse Team, 279, 2533, 2, 14, Sports, 2533, true, False, 2012-10-24, 5
Otro Rollo Monologo: diferencias H y M 3/3, 432, 27355, 6, 67, Entertainment, 27355, true, False, 2008-07-31, 3
Matthew Cole WJF 7 Juniors 3rd Place, 218, 2590, 15, 39, Sports, 2590, true, False, 2011-07-30, 6
Hroznej kolotoč, 195, 48893, 20, 134, Entertainment, 48893, true, False, 2009-05-10, 4
Speedworld Arenacross Track  AZ, 311, 4370, 13, 5, People & Blogs, 4370, true, False, 2010-03-29, 3
restart. } orange mmv, 212, 134220, 130, 3889, Film & Animation, 134220, true, False, 2014-12-23, 5
Velozmente octubre 2012, 343, 228814, 0, 208, Film & Animation, 228814, true, False, 2012-10-26, 4
How To Make CD/DVD Covers On Roxio Creator 2011 + GIVEAWAY (OVER), 428, 9648, 14, 40, Science & Technology, 9648, true, False, 2011-05-30, 4
2009Fire15 Is A List!!!, 159, 1253, 19, 11, Film & Animation, 1253, true, False, 2011-06-12, 4
1/64 scale custom farm toys, 237, 57199, 0, 119, Autos & Vehicles, 57199, true, False, 2013-04-08, 5
Ölweide Elaeagnus Pungens | Elaeagnus Ebbingei | Ölweide schneiden - NewWonder555, 129, 7246, 1, 46, Howto & Style, 7246, true, False, 2013-01-19, 6
Bridal hair video - romantic lowdo, 143, 50139, 12, 636, Howto & Style, 50139, true, False, 2014-11-18, 5
Los Dos Del Desierto - Estrella Caida, 249, 9566, 5, 105, Music, 9566, true, False, 2014-02-01, 4
An ka DaKo Giorgio Dan Lokal Fevrier 2015 (G.D.L), 257, 1445, 2, 18, Music, 1445, true, False, 2015-02-12, 6
Rent House Ibiza, 121, 13546, 0, 5, Travel & Events, 13546, true, False, 2008-12-30, 3
Ranger Challenge Competition 2014, 219, 3464, 1, 10, Sports, 3464, true, False, 2014-02-28, 5
Pranksters: Prankster Larry - SNL, 313, 843541, 536, 10827, Entertainment, 843541, true, False, 2013-09-25, 6
Okami [Pt. 140], 448, 6070, 27, 17, Entertainment, 6070, true, False, 2008-05-17, 3
DJMAX 風にお願い JP.ver -NORMAL STYLE-, 125, 4021, 0, 6, Entertainment, 4021, true, False, 2006-06-07, 4
ROnaldinho Joga bonito PES6, 278, 522279, 135, 766, Entertainment, 522279, true, False, 2006-11-08, 3
Generador de Energia Libre con Relevos e Imanes de Neodimio, 275, 3381, 1, 13, People & Blogs, 3381, true, False, 2014-11-20, 4
Sebastian Bach - Kicking And Screaming (Official Video), 198, 2434472, 1802, 15578, Music, 2434472, true, False, 2011-08-01, 5
COD ADVANCED WARFARE MULTIPLAYER! - ALL MULTIPLAYER EXO PERKS! (Call of Duty AW), 314, 2352, 43, 92, Gaming, 2352, true, False, 2014-08-11, 5
The Dolphin Encounter, 187, 2704, 0, 1, Pets & Animals, 2704, true, False, 2007-09-03, 3
My Little Pony - Educated Horses AMV - Rob Zombie, 235, 8347, 3, 39, Music, 8347, true, False, 2011-05-07, 4
Moulin à billes - Home made Ball Mill, 183, 10474, 23, 37, Science & Technology, 10474, true, False, 2013-02-20, 5
Dragon Ball Z Sparking Meteor BT3 Broly Returns Japanese, 309, 5815, 4, 20, Gaming, 5815, true, False, 2009-08-16, 4
AvA Tiger M4A1 - Preview, 175, 1720, 13, 14, Gaming, 1720, true, False, 2011-08-04, 5
NA, NA, NA, 0, 0, NA, NA, NA, NA, NA, None
STL Mustang Cruise 3-28-08, 130, 3352, 2, 3, Autos & Vehicles, 3352, true, False, 2008-11-13, 4
Goalkeeper - SAQ (Speed  Agility  Quickness), 232, 49291, 6, 147, Sports, 49291, true, False, 2009-08-10, 4
Sheri's Cat Mister Fluffington, 211, 17075, 6, 19, Entertainment, 17075, true, False, 2009-01-22, 6
KO NIGHT 2009 semifinals popping - Freqance vs Sunset Alleycats part 1, 265, 1395, 2, 5, Entertainment, 1395, true, False, 2009-07-14, 4
La raza Lacha cara rubia. Monte de Aralar (Navarra), 134, 13635, 1, 54, Pets & Animals, 13635, true, False, 2011-02-23, 4
The Fresh Prince of Bel-air  FUNNY MOMENTOS, 407, 3082724, 739, 40727, Comedy, 3082724, true, False, 2009-10-04, 4
Inkwell / Fall 2012, 130, 2261, 9, 64, People & Blogs, 2261, true, False, 2012-11-27, 5
Lizeth Olivo Hidalgo, 208, 15480, 4, 80, Travel & Events, 15480, true, False, 2015-01-26, 6
Line เกมเศรษฐี : เอ็ดเวิร์ด S+ 30, 307, 4440, 8, 20, Gaming, 4440, true, False, 2015-05-03, 5
Barkada Modern at FUSION X, 306, 1889, 3, 10, Entertainment, 1889, true, False, 2009-04-25, 4
شيخ المحشي - Sheikh al Mahshi, 144, 17086, 13, 137, Entertainment, 17086, true, False, 2014-06-26, 6
NFSU2 - Volklinger S14, 144, 2058, 9, 24, Gaming, 2058, true, False, 2013-03-21, 5
The Collektive @ the Poreotics Tic Tic Tour 2010 LIVE.BREATHE.LOVE.DANCE, 468, 1891, 1, 10, Entertainment, 1891, true, False, 2010-10-01, 4
Bhootnike wedding Dance, 402, 1519, 2, 2, Entertainment, 1519, true, False, 2009-10-08, 4
December 2013 Book Haul!!!, 343, 2897, 29, 83, People & Blogs, 2897, true, False, 2013-12-01, 5
ELOQUENT GRAFFITI - Podcast Six - First Cast & Crew Meeting, 362, 1942, 0, 6, Film & Animation, 1942, true, False, 2008-12-03, 3
Prljavo Kazaliste - Mojoj majci (Ruza Hrvatska) @ Vukovar, 353, 4031, 0, 33, People & Blogs, 4031, true, False, 2013-06-30, 5
Yoga to Align Your Head with Your Heart with Amy Patee, 474, 1861, 0, 7, Education, 1861, true, False, 2009-12-31, 4
F1 2015 | Melbourne TT Hotlap + Setup | Full HD, 143, 2508, 0, 15, Gaming, 2508, true, False, 2015-07-11, 6
2001 SAAB 95 Mechanical Problem NEED HELP!!!!, 130, 3364, 4, 0, People & Blogs, 3364, true, False, 2014-02-13, 6
Spaghetti al tonno e olive, 218, 2487, 1, 4, Entertainment, 2487, true, False, 2013-01-17, 3
Almanac Heirloom Pumpkin Barleywine (12% ABV) | Beer Geek Nation Craft Beer Reviews, 241, 1978, 24, 41, People & Blogs, 1978, true, False, 2013-10-11, 6
Saber Rider Theme (Grindcore / Death Metal) by Château Pansen, 165, 15670, 8, 22, Music, 15670, true, False, 2009-10-09, 4
2014 KTM 690 Enduro R: Filtering Traffic, 323, 1478, 2, 6, Autos & Vehicles, 1478, true, False, 2014-04-05, 5
Portraits for Multiple Percussion 18 & 26 - Mike Feher, 177, 3114, 4, 9, Music, 3114, true, False, 2008-01-15, 4
Pantijam 2014: Baby vs Space, 435, 1716, 0, 4, Music, 1716, true, False, 2014-01-31, 6
ang probinsyana dj john FL Studio mix, 244, 10500, 8, 7, Music, 10500, true, False, 2009-11-07, 3
Construction World III and The Mystery of the Lost Tool Video for Kids, 199, 852340, 0, 363, Education, 852340, true, False, 2014-11-04, 5
Cedar Glide Classic Longboards - Timeless Surf Co, 141, 3613, 0, 5, Howto & Style, 3613, true, False, 2011-10-17, 4
3D bus Parking Simulator Game GamePlay, 210, 4206, 2, 4, Gaming, 4206, true, False, 2014-03-12, 5
JANBUS Ptaszkowo k.Grodziska Wlkp., 258, 3088, 1, 6, Autos & Vehicles, 3088, true, False, 2010-07-05, 3
НЛО под водой часть5, 341, 27093, 6, 34, Entertainment, 27093, true, False, 2008-08-08, 4
Woodcock hunting in Estonia, 126, 96558, 8, 33, Sports, 96558, true, False, 2012-10-15, 6
MapleStory: Zero tutorial part 3 - From Prologue to Chapter 1, 398, 10362, 5, 25, Gaming, 10362, true, False, 2014-01-18, 5
今更、マインクラフトの面白さに気がついたアカウントはこちらです。, 443, 7374, 28, 96, People & Blogs, 7374, true, False, 2015-03-30, 6
YAMAHA　AT90 ヤマハ　1309180213 k, 171, 4882, 1, 17, Autos & Vehicles, 4882, true, False, 2013-10-30, 4
2007 BMW F800 ST at Euro Cycles of Tampa Bay, 130, 17842, 2, 34, Autos & Vehicles, 17842, true, False, 2013-01-19, 5
Brad Haddin's Heroics, 222, 13313, 7, 24, Sports, 13313, true, False, 2009-04-14, 3
Lead 演唱 Delighted, 192, 77120, 15, 218, Music, 77120, true, False, 2006-10-17, 3
Stretch | #TakeMeIn | S:01 EP:17  [MCTV] [@StretchRaps @MCTVUK], 263, 4406, 9, 88, Music, 4406, true, False, 2015-06-06, 6
ViaggiSenzaRitorno  l'investigazione di Essere Animali, 172, 207733, 52, 239, News & Politics, 207733, true, False, 2014-10-09, 4
Black Ops 2 Gameplay Zombies en Town Grief Parte 1, 444, 5250, 57, 686, Gaming, 5250, true, False, 2012-11-13, 5
Whipping cream at home/How to make whipped cream frosting for cakes/Whipped cream, 260, 380897, 64, 1464, Howto & Style, 380897, true, False, 2014-08-14, 6
Сборка компьютера с нуля игровой системный блок, 358, 9452, 17, 99, Science & Technology, 9452, true, False, 2014-07-16, 6
Yogli Mogli on Fox 5, 230, 4658, 2, 8, Nonprofits & Activism, 4658, true, False, 2010-07-07, 4
Mini pusnica Bradley mp4 - YouTube.flv, 142, 3593, 0, 8, Howto & Style, 3593, true, False, 2011-10-06, 3
OFFICIAL | Fiets voor een huis Aftermovie 2013, 393, 5150, 1, 25, Howto & Style, 5150, true, False, 2013-11-11, 6
Fujin-Raijin(風神雷神) and Ryu(龍) tattoo., 239, 52596, 0, 0, People & Blogs, 52596, true, False, 2010-03-11, 3
Lightwave 10 - Virtual Preview Render with 3dConnexion device, 222, 4979, 1, 8, Film & Animation, 4979, true, False, 2011-01-10, 5
it's because of you by yong, 195, 557701, 194, 3511, Entertainment, 557701, true, False, 2010-07-12, 5
Celtics - Magic Game 2 2nd round I 2009 Playoffs, 151, 25380, 9, 24, Sports, 25380, true, False, 2009-05-06, 3
Vittoria Rubino Pro Tech vs. Continental Supersport Plus Tyres, 126, 9822, 2, 21, Sports, 9822, true, False, 2014-05-01, 5
Albufeira (Fisherman's Beach) May 2013, 135, 1769, 0, 0, Travel & Events, 1769, true, False, 2013-05-29, 5
Jura VAG Event 2k15 -  by SteiN, 203, 2535, 20, 37, Film & Animation, 2535, true, False, 2015-06-18, 6
Upma - Sooji  Rava  cream of wheat, 342, 2968, 4, 9, Entertainment, 2968, true, False, 2012-03-31, 4
hg-700 vs idra69ilgenio[SwAT], 175, 3911, 17, 28, Entertainment, 3911, true, False, 2011-06-08, 5
Descargar e instalar the king of fighters 2002 plus en mi pc mediafire, 424, 10156, 31, 45, Gaming, 10156, true, False, 2012-10-31, 5
[Basketball] IRT / MCO .. 'Hercules La grandé' -23/03/13- ( Part 1 ), 273, 8421, 5, 23, Entertainment, 8421, true, False, 2013-03-23, 3
GTA SA How to increase FPS Part 2 [For Bad PC], 453, 23190, 45, 153, Sports, 23190, true, False, 2014-04-27, 4
Banda Autentica tierra nueva, 176, 2436, 0, 2, Music, 2436, true, False, 2008-05-21, 3
How to Make LED TV, 144, 336293, 85, 841, Education, 336293, true, False, 2013-08-09, 3
Trailer Serie Doumental Recomiendo Chile, 177, 2614, 2, 2, Travel & Events, 2614, true, False, 2007-10-26, 4
Yaar Na Miley- Kick  Nik&AJ Re-Fix, 174, 1629, 2, 22, Entertainment, 1629, true, False, 2014-11-07, 5
Mw2 Theme song CHODE MAGODE, 120, 1663, 6, 5, Gaming, 1663, true, False, 2010-08-25, 4
Clip - All Of Me ♥, 184, 3221, 34, 133, People & Blogs, 3221, true, False, 2015-06-03, 6
spettacolo melodi Alex Carbò Yunaisy Farray, 300, 7125, 1, 19, Music, 7125, true, False, 2009-10-20, 3
B-CC 2004 Florida Classic Entrance and Drill, 254, 28865, 5, 42, Film & Animation, 28865, true, False, 2006-04-28, 3
Sabaton - Ghost Division (Live at Rockstad:Falun 2010), 297, 1936, 4, 9, Music, 1936, true, False, 2010-05-30, 5
[AION][AD MORTEM] Zekm and Kking Vs All! (Feb-2010)., 346, 1914, 7, 1, Gaming, 1914, true, False, 2010-02-11, 5
Car crushed, 396, 33940, 11, 194, People & Blogs, 33940, true, False, 2015-04-10, 5
M.I.A. Trailer, 154, 1633, 1, 4, Entertainment, 1633, true, False, 2007-06-02, 4
道しるべ／EXILE ATSUSHI／ピアノソロ・バージョン, 240, 3291, 1, 11, Music, 3291, true, False, 2013-10-23, 4
Burgundy Gözler / Üç Ruj Alternatifi ile, 382, 8093, 37, 187, People & Blogs, 8093, true, False, 2014-07-12, 6
Figurki Arno  Elise i Sam Fisher - Zniżka od Konsoleigry.pl - Kolekcjonerzy -, 134, 1477, 7, 59, Gaming, 1477, true, False, 2015-03-25, 6
Left 4 Dead Aimbot, 273, 5745, 0, 0, Education, 5745, true, False, 2009-07-20, 4
Dorm Room Tour | Shanghai Slickin, 494, 77244, 97, 1200, People & Blogs, 77244, true, False, 2013-10-04, 6
Entrenamiento Juan Carlos - Artes marciales acrobacia, 197, 11960, 10, 41, Sports, 11960, true, False, 2010-10-28, 5
grupo musical " SON ACUSTICO" de Apizaco Tlaxcala, 315, 1840, 0, 10, Music, 1840, true, False, 2013-10-01, 4
Culinária Judaica - Gravlax, 256, 5395, 0, 155, Nonprofits & Activism, 5395, true, False, 2014-07-03, 4
Christian Albano-Recording Session-Drumsound-MuratDiril-Batteria-Drums-zoom q3 hd-Cristian Albano, 333, 3316, 8, 21, Music, 3316, true, False, 2012-02-14, 5
Minecraft Własny serwer Bez Hamachi., 208, 1529, 3, 1, Gaming, 1529, true, False, 2011-06-19, 6
Edo Caroe y su chiste del "barman que ayuda al hombre", 291, 171016, 15, 1029, Entertainment, 171016, true, False, 2013-01-11, 3
La Mamá Más Mala Del Mundo, 213, 4234, 1, 28, Entertainment, 4234, true, False, 2014-08-18, 5
Dayz Standalone - Leather Courier Bag, 189, 2602, 7, 20, Gaming, 2602, true, False, 2014-05-27, 6
[COVER] La Belle et la Bête -- Belle ( Sung By Lilian and Me ), 296, 4509, 37, 50, Music, 4509, true, False, 2009-04-14, 3
casa do japao marcelo, 168, 1147, 0, 2, Entertainment, 1147, true, False, 2008-10-09, 4
ドラゴンボールヒーローズ　スーパーベビー編ノーマルミッションを1キル, 172, 1750, 1, 1, Gaming, 1750, true, False, 2012-12-15, 3
Naruto chat 5: gaara's dance & gf, 351, 4612, 2, 33, Entertainment, 4612, true, False, 2007-10-17, 3
Glorious Icmeler Turkey, 441, 56883, 0, 94, Travel & Events, 56883, true, False, 2012-08-09, 6
River Parish Football 7-on-7 at LaPlace, 421, 1755, 0, 2, Sports, 1755, true, False, 2012-07-30, 5
Salvamento frontier Praia, 401, 150057, 58, 126, Autos & Vehicles, 150057, true, False, 2009-01-08, 4
TrustFire A8 フラッシュライト CREE T6 LED 搭載 1000LM 5モード切替 モードメモリー機能付き 26650バッテリー, 197, 4867, 0, 7, Autos & Vehicles, 4867, true, False, 2014-01-13, 3
Firefish Coral Red Aulonacara Cichlid Aras World, 242, 9410, 1, 2, Pets & Animals, 9410, true, False, 2010-02-06, 4
GET READY WITH ME!, 260, 202766, 219, 9356, Howto & Style, 202766, true, False, 2014-08-10, 6
DotA 6.69 Secret Quest, 281, 25166, 11, 5, Gaming, 25166, true, False, 2010-10-12, 5
Quick Blade Grind Thought, 188, 1279, 3, 6, Science & Technology, 1279, true, False, 2008-08-21, 4
UC jaguars NCC Regionals Northern Luzon 2008, 148, 3815, 10, 3, Entertainment, 3815, true, False, 2008-10-06, 4
優しいAWPの使い方。(おまけ付, 222, 17109, 21, 26, People & Blogs, 17109, true, False, 2011-06-21, 6
DEMENIV MIHÁLY / Makkonen - Like Swans, 349, 2694, 4, 24, People & Blogs, 2694, true, False, 2014-04-13, 7
Deacy Amp Competition - Derek Price "Play The Game", 131, 5541, 8, 32, Music, 5541, true, False, 2012-02-16, 6
Lar & Ann  SDE by MAYAD studios, 369, 11830, 2, 35, People & Blogs, 11830, true, False, 2014-05-17, 5
ゲラゲラポーのうた / HIBI★Chazz-K in Takamatsu 2014 デックスガレリア, 243, 3929, 0, 14, Music, 3929, true, False, 2015-02-10, 6
Project X - Sims 3, 369, 2688, 2, 22, Music, 2688, true, False, 2012-07-03, 4
Wedding Trailer, 187, 3605, 0, 5, Film & Animation, 3605, true, False, 2014-09-17, 6
El peso de tu Gloria "Cuando te conocí" en El Ascensor, 314, 2316, 1, 23, Music, 2316, true, False, 2013-11-13, 4
BWSC PLAYER & TEAM DEVELOPMENT - FALL/WINTER 2013-14, 202, 1374, 0, 4, Sports, 1374, true, False, 2013-10-28, 6
KC-130J into Wake Island, 199, 16432, 20, 123, Travel & Events, 16432, true, False, 2011-03-12, 5
My boy, 240, 1024, 0, 2, Pets & Animals, 1024, true, False, 2007-05-11, 3
Coro Channels of Hope Choir + Coro Sifisa Ukunqoba Choir - A Terra Ao Sul, 264, 2635, 0, 7, Music, 2635, true, False, 2011-11-30, 6
Justin Timberlake's FutureSex/LoveShow - N*SYNC's Gone, 141, 1259, 0, 1, Music, 1259, true, False, 2007-01-25, 3
Sherlock Holmes schools Watson-a clip from the Blue Carbuncle, 345, 7039, 9, 55, Comedy, 7039, true, False, 2011-04-27, 4
DIY: Magazine Flats, 293, 4254, 3, 40, Howto & Style, 4254, true, False, 2013-08-10, 6
Bob Bradley etter LSK, 143, 1339, 0, 5, Sports, 1339, true, False, 2014-02-15, 5
Apollo vs. Dark Sonic, 214, 97124, 75, 62, Entertainment, 97124, true, False, 2007-05-23, 3
スマブラX　プリンでダブルラリアット, 205, 2110, 0, 3, Gaming, 2110, true, False, 2010-03-18, 4
MecanumWithEncoders120301a.AVI, 188, 1840, 0, 7, Autos & Vehicles, 1840, true, False, 2012-03-01, 4
Living Da Vida Loca (runescape edition), 268, 1502, 10, 5, Music, 1502, true, False, 2008-12-29, 4
FUJIFILM instax mini 90 NEO CLASSIC 【RABBITS】【BLUE】【farmland collection 2013 autumn】, 267, 5080, 2, 49, Howto & Style, 5080, true, False, 2013-10-24, 6
"Guy's Generation" 2011 ICS Camp Talent Show, 127, 2209, 5, 43, Comedy, 2209, true, False, 2011-09-09, 5
camp unimog sept 19 '09, 353, 6940, 3, 8, Autos & Vehicles, 6940, true, False, 2009-09-20, 3
COMPETENCIA AEROBICS 2009, 320, 2101, 0, 6, People & Blogs, 2101, true, False, 2010-04-05, 4
Halo 3 Glitches Episode 7: Clone Yourself on Any Map, 178, 31878, 15, 39, Entertainment, 31878, true, False, 2009-02-12, 4
Что будет  если опустить Телефон в Coca-Cola??? (С продолжением), 249, 3123097, 1549, 28663, Howto & Style, 3123097, true, False, 2015-08-28, 5
el titere gracioso, 389, 3458, 2, 18, Comedy, 3458, true, False, 2010-04-07, 3
Como desenhar o Eric Cartman de South Park, 136, 6465, 5, 32, Howto & Style, 6465, true, False, 2012-12-21, 5
Nuki Nuki (The Nuki Song) LYRIC Video Gummibär The Gummy Bear, 168, 2009685, 0, 3391, Film & Animation, 2009685, true, False, 2013-07-05, 5
Minecraft PE v0.12.1 | Build 9 | BUENOS CAMBIOS, 312, 28496, 38, 148, Gaming, 28496, true, False, 2015-08-14, 3
수민이의 발레, 247, 3999, 0, 13, People & Blogs, 3999, true, False, 2013-12-11, 6
Choir!Choir!Choir! sings Pat Benatar - We Belong, 223, 8477, 8, 69, Music, 8477, true, False, 2012-05-24, 5
Sasuke & Deidara - Art of Breaking, 208, 6678, 2, 49, Film & Animation, 6678, true, False, 2009-10-13, 4
Twister Coastguard RTF Helicopter, 156, 8885, 2, 9, People & Blogs, 8885, true, False, 2008-01-09, 4
The Airborne Toxic Event- Timeless (live), 266, 2184, 0, 13, Music, 2184, true, False, 2013-01-31, 6
予告ストレートでカブレラに完全勝利する藤川UC, 168, 16750, 14, 129, People & Blogs, 16750, true, False, 2014-05-16, 3
AG TIK TOK MUSIC VIDEO, 142, 3794, 9, 0, People & Blogs, 3794, true, False, 2010-06-04, 4
ＪＲ奈良駅（東）　ジュニアフィットネス　（バサラ祭り２０１２）, 231, 7185, 0, 27, Travel & Events, 7185, true, False, 2012-08-26, 4
マインクラフト　刑務所作ってみた, 194, 118269, 22, 127, Gaming, 118269, true, False, 2012-10-02, 4
NA, NA, NA, 0, 0, NA, NA, NA, NA, NA, None
Erliquiosis Canina: Síntomas  Diagnóstico  Tratamiento y Prevención, 270, 188980, 251, 1193, People & Blogs, 188980, true, False, 2014-04-24, 4
Madden NFL 16 Exclusive E3 Gameplay Bills Vs Jets Lesean McCoy And Brandon Marshall In Action!, 375, 26054, 31, 149, Travel & Events, 26054, true, False, 2015-06-17, 6
SKO SK8!? promo #2..., 271, 1251, 2, 3, Education, 1251, true, False, 2009-12-15, 4
Circo Jumbo, 184, 1569, 0, 0, People & Blogs, 1569, true, False, 2010-12-07, 5
Cheesecake alla nutella., 131, 22019, 6, 61, Entertainment, 22019, true, False, 2012-12-02, 4
Prospecting Key Lake Road Project - Oct 2014, 220, 7269, 0, 368, People & Blogs, 7269, true, False, 2014-11-02, 6
(Part 1 of 5) Olight M18 Maverick & Striker  Nitecore P12  EagleTac TX25C2, 408, 2162, 11, 14, Science & Technology, 2162, true, False, 2014-06-07, 6
Grand Theft Auto V　車子毀成這樣還能開耶, 471, 5570, 0, 3, Gaming, 5570, true, False, 2015-05-09, 5
Mumbai-Madgaon Janshatabdi, 307, 1358, 0, 4, Travel & Events, 1358, true, False, 2009-07-05, 4
EXTREMEMOTO 2008 BEMOWO MOTOEXTREME, 219, 3329, 5, 13, Sports, 3329, true, False, 2008-05-19, 3
kof98 some china tournament best8 猴子头头vs大口, 166, 1217, 0, 0, People & Blogs, 1217, true, False, 2009-04-17, 3
GTA 5 ONLINE GLITCH! : FIRST PERSON VIEW GLITCH! - FPS Glitch : NO MODS! After Patch 1.15, 167, 3549, 9, 65, Gaming, 3549, true, False, 2014-07-12, 5
オレカバトル251　新３章『風隠の陰謀』初陣　風隠の戦士ハヤテ戦, 272, 9255, 1, 12, Gaming, 9255, true, False, 2014-12-13, 6
Inaugurazione metropolitana automatica Torino 2011, 247, 6429, 0, 17, Nonprofits & Activism, 6429, true, False, 2011-03-06, 5
Sniper: Ghost Warrior (PC X360) - Headshots Trailer, 120, 27313, 9, 37, Gaming, 27313, true, False, 2010-04-25, 5
Tennessee Titans vs Cincinnati Bengals NFL Picks Week 3 Betting Preview w/ Tony George  Loshak, 345, 1284, 7, 3, Sports, 1284, true, False, 2014-09-18, 5
This Week in RC Episode 23  Liz Flies!!!, 133, 10836, 79, 99, Entertainment, 10836, true, False, 2012-01-27, 6
NA, NA, NA, 0, 0, NA, NA, NA, NA, NA, None
Changan Grand Van Turismo es lanzada en Perú l Video en Full HD l Presentado por BUSESYCAMIONES.pe, 152, 60728, 98, 250, Autos & Vehicles, 60728, true, False, 2014-10-15, 6
GREATEST BOXING RAP SONG EVER... BY JERMZ BOXING, 158, 47176, 17, 263, Sports, 47176, true, False, 2007-02-22, 3
Counter Strike 1.6 letöltés  és telepítés tutorial, 431, 19165, 22, 40, Gaming, 19165, true, False, 2014-09-21, 6
Слайд шоу выпускной в начальной школе.mp4, 396, 20590, 2, 19, Film & Animation, 20590, true, False, 2012-05-21, 6
StepRoc @ DB Bboy Battle, 120, 3957, 5, 15, Music, 3957, true, False, 2009-08-09, 4
surf dans la manche: siouville, 177, 1643, 9, 9, Sports, 1643, true, False, 2013-03-27, 4
Arcade Fire in Phoenix  AZ - Month of May / Rebellion (Lies), 485, 4556, 2, 6, Music, 4556, true, False, 2011-04-14, 5
How to play 7/8 on the handpan, 369, 95889, 25, 567, Music, 95889, true, False, 2011-11-16, 5
Gopro: Moscow, 427, 3112, 2, 23, People & Blogs, 3112, true, False, 2014-03-31, 6
Classic Prom Makeup Tutorial ♡, 143, 1441, 4, 52, Howto & Style, 1441, true, False, 2015-03-28, 6
חיים ולילך החתונה - שיר כניסה, 202, 69853, 1, 15, People & Blogs, 69853, true, False, 2009-08-20, 4
How to Correctly Assemble Duct Work?, 335, 219681, 134, 1084, Education, 219681, true, False, 2013-06-17, 5
Comparación de Inicio: Windows 7 vs. Windows Vista, 292, 5951, 22, 28, Science & Technology, 5951, true, False, 2010-09-01, 4
120703 여수 Expo Pop Festival - 아이유 (IU) Rain Drop, 259, 21020, 10, 220, Entertainment, 21020, true, False, 2012-07-04, 6
Maxx Series Heat Presses - Pro World Inc., 213, 3696, 0, 3, Howto & Style, 3696, true, False, 2012-02-16, 3
Full Circle Aikido. Killeen  Texas., 135, 3518, 5, 16, Sports, 3518, true, False, 2010-01-01, 5
Stephen Curry Mix   'Wings', 305, 2253, 0, 13, People & Blogs, 2253, true, False, 2015-03-07, 5
Clay Coyote Soup Bowl, 144, 2286, 2, 7, Howto & Style, 2286, true, False, 2009-01-20, 3
طريقة تعريب الروم من دون روت وبطرريقة سهل جدا, 144, 130976, 72, 506, People & Blogs, 130976, true, False, 2013-06-24, 7
Обзор планшета Explay sQuad 9.71 (Teclast A10HD), 375, 3358, 18, 23, Science & Technology, 3358, true, False, 2013-11-01, 5
Mtb Bajando el gomero a fondo - Mountain Bike Tucuman, 203, 1997, 4, 3, Sports, 1997, true, False, 2010-11-27, 3
Maquiagem da Mulher Samambaia, 177, 24698, 0, 35, People & Blogs, 24698, true, False, 2009-09-08, 3
With You -絆- 立体音響？, 401, 21650, 37, 279, Film & Animation, 21650, true, False, 2012-04-05, 6
Alfa Romeo 147 1.6 Lpg  727km Time lapse with Happy End, 266, 17943, 22, 156, Autos & Vehicles, 17943, true, False, 2013-09-19, 6
Meja Aquarium, 155, 43218, 1, 42, Science & Technology, 43218, true, False, 2013-06-22, 3
[YTP]FR Harry Potter à l'école des Poopers ! Partie 3, 188, 5930, 7, 80, Comedy, 5930, true, False, 2013-05-11, 5
Salteñas en Australia, 235, 14889, 11, 9, People & Blogs, 14889, true, False, 2008-11-26, 4
Diggiloo 2011 - Dalhalla, 415, 12789, 0, 14, Music, 12789, true, False, 2011-07-16, 4
MRV Tour virtual em um apartamento modelo em Franca SP, 339, 16529, 0, 31, Entertainment, 16529, true, False, 2011-12-16, 4
Modern Warfare 3 find Makarov Teaser Trailer, 179, 1169, 0, 30, Film & Animation, 1169, true, False, 2011-09-07, 5
Descargar War Inc Battlezone - (Combinacion de COD y WarZ), 264, 1700, 9, 12, Gaming, 1700, true, False, 2013-05-24, 5
Ithaca College Dorm Room in HD, 134, 20420, 10, 14, Howto & Style, 20420, true, False, 2010-07-03, 6
MANALO K9 on ABS-CBN's DZMM - Doing Nothing (VINTAGE VIDEO), 141, 1850, 2, 5, Pets & Animals, 1850, true, False, 2008-06-16, 4
Saganaki - Greek Fried Cheese, 206, 5021, 13, 0, Howto & Style, 5021, true, False, 2014-02-12, 6
Nozze in giallo: I Girasoli-composizioni floreali-Particolari, 157, 3938, 0, 3, Entertainment, 3938, true, False, 2012-01-05, 4
Rihanna - Umbrella - Collaboration Cover, 197, 2821, 12, 49, Music, 2821, true, False, 2011-06-04, 6
Indian cricketers' pit stop in Colombo, 131, 28932, 16, 93, Sports, 28932, true, False, 2012-10-11, 4
[K]iller22 Vs Pitehko, 315, 2415, 2, 10, Gaming, 2415, true, False, 2012-02-04, 5
Día del Profesor 2010 - Baile del amor pascuense, 209, 3391, 4, 8, Education, 3391, true, False, 2010-10-19, 4
SleepFX iPod Touch  iPhone and iPad Tweak! (iOS 4.2.1), 138, 7523, 9, 18, Howto & Style, 7523, true, False, 2011-01-24, 4
Aerobatic glide show at the Reno Air Races, 128, 2174, 0, 1, Entertainment, 2174, true, False, 2006-09-16, 3
Mr. Big - Alive And Kickin' - 21/10/14 Live Club  Trezzo., 315, 1893, 0, 16, People & Blogs, 1893, true, False, 2014-10-22, 5
NA, NA, NA, 0, 0, NA, NA, NA, NA, NA, None
REGATE DEL REDENTORE:20LUGLIO2008, 197, 1428, 0, 1, Sports, 1428, true, False, 2008-07-22, 4
Chris' 2012/13 Panini Innovation Basketball Hobby 2 Box Break, 187, 1234, 1, 3, Sports, 1234, true, False, 2013-09-05, 5
Brandon Phillips   Defensive Highlights   2014, 495, 33440, 14, 135, Sports, 33440, true, False, 2015-03-07, 6
рыбалка - моя техника вываживания крупной рыбы, 126, 12154, 1, 1, Entertainment, 12154, true, False, 2011-07-25, 4
FAZER 150 A 135 KM COM GARUPA, 371, 1652, 9, 22, Nonprofits & Activism, 1652, true, False, 2014-03-06, 5
Pokemon Takara Tomy Figures, 200, 3562, 0, 24, People & Blogs, 3562, true, False, 2012-07-18, 4
これは衝撃的だ！五木村日本最大バンジージャンプなんと７７m, 385, 6096, 0, 15, Travel & Events, 6096, true, False, 2011-11-28, 5
larva - blind love, 121, 4256, 1, 7, Film & Animation, 4256, true, False, 2012-06-07, 3
Super Mario Bros. - La Chaso, 314, 2229, 0, 17, Comedy, 2229, false, False, 2008-04-30, None
Samsung GALAXY S5  Gear Fit und Gear 2 - trnd Spotlight, 125, 2881, 1, 3, People & Blogs, 2881, true, False, 2014-03-24, 6
Yugioh Genex Deck  Rate 1-10 and comment for advice, 182, 2104, 6, 3, Gaming, 2104, true, False, 2010-07-26, 4
Car Chase from A Beautiful Mind (2001) by James Horner (Piano Cover & Tutorial), 425, 6714, 4, 47, Music, 6714, true, False, 2011-10-01, 4
BR CLASS 76's, 491, 16805, 19, 140, People & Blogs, 16805, true, False, 2014-11-25, 4
volo con TECNAM P92 ECHO, 218, 1153, 0, 1, Sports, 1153, true, False, 2009-03-09, 4
32式太極劍（1 - 8 式教學 - D）Taiji sword - 32 forms（form 1 - 8 instruction - D）, 435, 9769, 1, 20, Entertainment, 9769, true, False, 2013-03-29, 3
DRN Entertainments   Village Hotel  Nottingham  Sept 2010.wmv, 420, 1413, 1, 1, Entertainment, 1413, true, False, 2010-09-08, 4
TU TU TU, 287, 5495, 9, 104, Music, 5495, true, False, 2015-01-04, 3
blink-182 - Stay Together For The Kids Live MTV Duets HD 2003 DVD, 475, 1135634, 772, 12743, Music, 1135634, true, False, 2013-12-19, 6
Caverna Teaser F.O.N., 158, 1570, 1, 21, Comedy, 1570, true, False, 2014-01-13, 4
Hands On Apple iPhone 5 mit Batteriedefekt, 382, 12801, 0, 31, Science & Technology, 12801, true, False, 2012-10-07, 6
Advanced Warfare - "GUN GAME" Multiplayer Gameplay, 326, 3580, 23, 274, Gaming, 3580, true, False, 2015-02-13, 5
ERJ-145 Pouso Brusco, 237, 10969, 17, 40, Travel & Events, 10969, true, False, 2010-11-20, 5
DreamWorks: Shrek Forever After - Meet Rumpel movie clip (HD), 140, 23607, 1, 22, Film & Animation, 23607, true, False, 2010-05-16, 5
蒼魔灯07　イゴールおじさんと遊んでみた, 388, 6420, 0, 6, Gaming, 6420, true, False, 2011-07-08, 3
草蜢Be Three 2014 演唱會 - 紅日 (草蜢+李克勤), 274, 44076, 5, 172, People & Blogs, 44076, true, False, 2014-06-09, 6
iPad 5 Unboxing 2013, 149, 1316, 5, 4, Entertainment, 1316, true, False, 2013-10-02, 4
Self Filmed  Warrimoo / St Ives  Right Track, 143, 2763, 11, 35, Sports, 2763, true, False, 2013-01-04, 6
2009 FEI World Dressage Challenge in Thailand, 169, 1297, 1, 1, Sports, 1297, true, False, 2009-11-07, 4
How to landscape Part 2 (The Sims 3), 424, 4741, 8, 47, People & Blogs, 4741, true, False, 2011-02-03, 5
actro 4144, 365, 1015851, 154, 3658, People & Blogs, 1015851, true, False, 2013-04-26, 6
☂ Renierainyday's Nail Art Contest (Undersea Nail Tutorial), 210, 23473, 76, 261, People & Blogs, 23473, true, False, 2012-01-13, 4
Unboxing Of "The Sting" Blu-ray Digibook, 472, 1949, 19, 18, People & Blogs, 1949, true, False, 2012-06-11, 4
Academy Singers Männerchor - Mann im Mond, 200, 28731, 5, 101, Music, 28731, true, False, 2010-05-16, 4
The Wanted Glad you Came FIRST live performance, 195, 19793, 22, 130, Music, 19793, true, False, 2011-05-29, 4
Bridezillas, 127, 21429, 10, 14, Entertainment, 21429, true, False, 2007-11-09, 3
Munhoz e Mariano - Final de semana chegou CREDICARD HALL, 215, 3630, 0, 39, Music, 3630, true, False, 2013-07-28, 6
26/01/2013 - Por dentro da Obra - Parte Final, 300, 5824, 14, 37, Gaming, 5824, true, False, 2013-02-04, 6
Los mejores momentos de Marceline (no cantados), 130, 40328, 0, 788, Gaming, 40328, true, False, 2013-04-21, 4
Ördek Dansı, 155, 2039, 1, 3, Comedy, 2039, true, False, 2008-04-30, 3
Motor Home Demolition Derby at O.C. Fair 2013, 462, 2643, 0, 7, Music, 2643, true, False, 2013-08-17, 5
TIM TSCHARNKE - BESTZEIT, 165, 2053, 0, 3, Sports, 2053, true, False, 2012-05-17, 4
Sweet Addiction 2008 MEXICO FINALS, 498, 7654, 5, 7, Entertainment, 7654, true, False, 2008-07-02, 3
Pryzma 2011 Kamienica, 238, 13003, 5, 38, Autos & Vehicles, 13003, true, False, 2011-05-19, 5
Vic Firth - The Cadets drumline 2008 - Drum Break In The Lot, 140, 57550, 53, 196, People & Blogs, 57550, true, False, 2008-12-02, 3
Test na zywo/ pierwsze wrazenie VICHY Dermabend 25 Nude, 472, 15721, 20, 228, People & Blogs, 15721, true, False, 2015-08-01, 5
Bruno Guarnieri (A.O.A Kioshi) vs Aguinaldo (Boxe Shaolin), 254, 2070, 4, 9, Sports, 2070, true, False, 2012-06-04, 6
Barras alianza amarilla 2014♥, 257, 2718, 3, 34, People & Blogs, 2718, true, False, 2014-10-02, 6
Arrolladora en vivo Cd. Guzmán - Tu historia fue conmigo, 334, 24897, 2, 75, Music, 24897, true, False, 2012-05-07, 5
Dia de Portugal 2012  desfile da BRR COMANDOS RANGERS E PÁRAQUEDISTAS.mp4, 236, 157291, 168, 727, People & Blogs, 157291, true, False, 2012-06-10, 5
skate and enjoi, 190, 5167, 0, 10, Sports, 5167, true, False, 2006-10-26, 4
Toy Spot - Spinmaster Pokemon Ionix Fennekin, 389, 3356, 6, 52, Howto & Style, 3356, true, False, 2014-12-15, 6
Guitar Hero III - Cliffs of Dover 100% (FC) Expert, 282, 8099, 4, 22, Entertainment, 8099, true, False, 2008-03-12, 4
OcupaSound - Capão Redondo - Parque Arariba - Uale Figura - De corre em corre, 224, 4375, 2, 39, Music, 4375, true, False, 2012-11-05, 5
Snow Amman - Jordan 2013 ثلوج عمان - الأردن, 396, 4285, 5, 32, Film & Animation, 4285, true, False, 2013-01-10, 5
2010 Kobalt Tools 500 - Kurt Busch Wins, 286, 5523, 6, 0, Sports, 5523, true, False, 2010-03-07, 4
Показ работы Repix - отличной программы для обработки фото на iPhone, 135, 2601, 4, 5, Howto & Style, 2601, true, False, 2013-06-01, 5
Juan Poper. Robalo 5.6 /vinilo, 265, 3616, 4, 11, Sports, 3616, true, False, 2010-05-04, 4
Vicovation Vico-Marcus 5 - Test, 327, 2847, 0, 6, Autos & Vehicles, 2847, true, False, 2014-08-09, 6
2001-2004 Mustang mach 460 factory head unit removal. (after vid), 171, 28766, 0, 36, Autos & Vehicles, 28766, true, False, 2010-06-25, 4
CPRU.พี่สาธารณสุขปี2รักน้องปี1.wmv, 203, 1199, 1, 2, Travel & Events, 1199, true, False, 2011-06-18, 6
Погоня за пьянью на ВАЗ 21099 п. Ирикла, 194, 4109, 0, 4, Autos & Vehicles, 4109, true, False, 2012-04-28, 3
Sleeping Giant Provincial Park, 250, 2030, 1, 2, Travel & Events, 2030, true, False, 2011-05-18, 4
Amphibious Truck 6x6 Alvis Stalwart 2 in action, 138, 5593, 0, 12, Autos & Vehicles, 5593, true, False, 2013-10-23, 3
Concert la Roma cu Zinaida Julea si Vitalie Dani 24.03.2013 partea 4, 134, 1365, 0, 8, Entertainment, 1365, true, False, 2013-03-26, 5
3DS - Doki Doki! Pretty Cure - New Trailer ドキドキ！プリキュア, 126, 7516, 26, 65, Gaming, 7516, true, False, 2013-07-16, 6
NA, NA, NA, 0, 0, NA, NA, NA, NA, NA, None
BOXE THAI FINALE (F) - 65kg, 433, 3665, 0, 2, Entertainment, 3665, true, False, 2012-04-25, 4
Saxophone Dance Music, 229, 65074, 5, 81, Music, 65074, true, False, 2011-08-27, 6
Dustin Poirier UFC on FOX Post-Fight, 219, 2636, 6, 11, Sports, 2636, true, False, 2011-11-12, 4
Video of LAST CALL ridden by LILLIE KEENAN from ShowNet!, 121, 3007, 2, 4, Sports, 3007, true, False, 2013-03-03, 3
Circo Rolex: Franccesco., 257, 12248, 0, 36, Entertainment, 12248, true, False, 2011-05-15, 5
Summer Steelhead PhD School With Al, 445, 6139, 0, 13, Education, 6139, true, False, 2011-09-24, 6
FACT - Pressure/Start From Here (Live), 196, 24186, 12, 145, Music, 24186, true, False, 2014-05-27, 6
XI MTTT Półfinały w stylu latin kat  14-15 klasa C Samba  Cha cha  Rumba  Paso doble  Jive, 489, 5030, 1, 2, Sports, 5030, true, False, 2008-12-20, 4
WWE 13 - BRYAN'S TWEETS!! - NEW MOVES!!, 351, 14006, 58, 367, Entertainment, 14006, true, False, 2012-10-07, 5
Frederic Hanisch - First flight with Logo Xxtreme, 253, 1779, 0, 2, Sports, 1779, true, False, 2011-08-22, 6
SHU-Iライブ 「ビハインドストーリー」３, 441, 6456, 0, 86, Music, 6456, false, False, 2014-05-17, None
Zapremina valjka primena.wmv, 289, 6634, 1, 16, Education, 6634, true, False, 2012-04-01, 4
The Galactic War has Begun! - Planetary Annihilation Gameplay, 260, 18944, 27, 153, Gaming, 18944, true, False, 2014-05-22, 6
130622 2PM WTII LIVE TOUR IN SEOUL 준케이 솔로 Jun. K Solo-True Swag, 357, 1539, 0, 10, Music, 1539, true, False, 2013-06-28, 6
The Columbia Icefield  Alberta  Canada, 163, 5971, 1, 4, Travel & Events, 5971, true, False, 2008-05-02, 4
Bo Bice - Sweet Home Alabama - Avon  OH, 251, 1231, 1, 5, Music, 1231, true, False, 2012-06-19, 4
Packing corn silage Part 2, 170, 1665, 0, 2, Autos & Vehicles, 1665, true, False, 2011-01-03, 4
"Cold Water Challenge" FC Fischerbach Damen 2014, 245, 6681, 1, 37, People & Blogs, 6681, true, False, 2014-08-24, 5
Rib 330 285 gummibåd 6 hk påhængsmotor Cgseasport, 190, 6033, 0, 2, Sports, 6033, true, False, 2009-07-10, 3
2011 第8節　ベガルタ仙台 vs 浦和レッズ　太田 先制弾, 151, 2529, 0, 5, Sports, 2529, true, False, 2012-10-19, 6
Wyrm4n - Leaving Earth (Original Piano cover from Mass Effect 3 OST), 123, 3686, 19, 77, Music, 3686, true, False, 2013-06-02, 5
[DOFUS] Don de KAMAS et ITEM ! Béta 2.18 ! HD FR, 143, 1225, 22, 15, Gaming, 1225, true, False, 2014-02-02, 5
Classica Eismarathon  www.rts-salzburg.at, 316, 2094, 0, 3, Autos & Vehicles, 2094, true, False, 2013-01-22, 5
Brama weselna, 291, 1457, 0, 7, People & Blogs, 1457, true, False, 2013-08-15, 6
Craig David - Rendezvous (Amsterdam 2013), 196, 16104, 11, 109, Music, 16104, true, False, 2013-05-18, 6
Brandynn Clark, 266, 1127, 0, 0, People & Blogs, 1127, true, False, 2012-12-17, 4
When You're Gone by Avril Lavigne on piano, 224, 3387, 8, 40, Music, 3387, true, False, 2008-04-08, 4
秋田ブルージーンズ／遥かなる戦場～フィードバック・ギター～リンゴ村, 461, 11446, 2, 21, Music, 11446, true, False, 2011-08-03, 6
Estrella "La Chacala 10" Valverde Suma otro Triunfo, 355, 17766, 0, 44, Sports, 17766, true, False, 2012-03-13, 4
GIGIONE CARCHITTI SAGRA FRAGOLE 2014., 274, 5404, 0, 14, People & Blogs, 5404, true, False, 2014-05-16, 5
May21 Gone Scuba Diving Gone Coconuts, 189, 4468, 0, 25, Howto & Style, 4468, true, False, 2011-05-11, 4
Behold  God the Lord Passed By (from Elijah), 298, 8148, 4, 43, Music, 8148, true, False, 2013-03-16, 6
2012년 정성훈 1~12호 홈런 모음, 439, 2380, 0, 5, Sports, 2380, true, False, 2012-10-17, 3
Adrian Moore 2008 Arkansas Transfer, 426, 2661, 0, 7, Sports, 2661, true, False, 2008-09-25, 4
chitterpari tyre works, 314, 3125, 4, 15, People & Blogs, 3125, true, False, 2011-05-18, 4
Perfect two - Heiji x Kazuha, 191, 4247, 3, 51, People & Blogs, 4247, true, False, 2013-03-16, 5
Snow Patrol - Chasing Cars [Piano Cover by Andrei Nastase], 299, 2206, 25, 61, Music, 2206, true, False, 2011-04-22, 6
What its like to work at Macys, 491, 20786, 0, 34, Howto & Style, 20786, true, False, 2012-11-13, 3
Facebook app for Windows Mobile 6 (Greek), 494, 1527, 1, 3, Science & Technology, 1527, true, False, 2009-06-18, 4
Hond in zwembad, 144, 2325, 0, 3, Pets & Animals, 2325, true, False, 2007-09-15, 3
Повербанк (Powerbank) или мобильная зарядка. 4х18650 Aili, 402, 6142, 44, 41, Howto & Style, 6142, true, False, 2013-09-22, 6
*ALMANSA 447 CUTAWAY FLAMENCO*, 281, 10031, 8, 16, Music, 10031, true, False, 2009-09-21, 3
Odpalenie Polskiego Fiata 125p po ponad 1 5 miesiąca postoju, 387, 4143, 2, 11, Autos & Vehicles, 4143, true, False, 2013-04-14, 5
Mad Science- Gummy Bears, 235, 1870, 0, 10, Comedy, 1870, true, False, 2011-08-21, 4
Vence en Mi - Ingrid Rosario (TUTORIAL GUITARRA ), 235, 38818, 2, 72, Entertainment, 38818, true, False, 2010-09-29, 4
155. 나두끼긔 - 피즈 하이라이트 / Fizz Highlights, 189, 10224, 2, 28, Gaming, 10224, true, False, 2015-07-20, 6
Franks RedHot - Can you REALLY put this SH*T on EVERYTHING?, 496, 342008, 726, 6383, People & Blogs, 342008, true, False, 2014-10-28, 6
Roblox sandbox weirdo, 422, 2229, 6, 4, Gaming, 2229, true, False, 2011-06-11, 4
Fallo de seguridad de iCloud con Find My iPhone, 277, 8282, 64, 515, Science & Technology, 8282, true, False, 2014-02-07, 5
bikepark winterberg outdoorgroup crew 2008, 301, 1772, 2, 3, Sports, 1772, true, False, 2008-08-11, 3
Ария - Улица Роз (Aria - Ulica Roz), 343, 132162, 43, 370, Music, 132162, true, False, 2007-11-18, 3
Demented Heart - Undeniable Live @ Rottrevore DeathFest 2011 Jakarta-Indonesia, 213, 23801, 18, 116, Music, 23801, true, False, 2011-10-05, 5
Steinway Duo-Art 1927 Model "AR", 329, 1485, 2, 0, Music, 1485, true, False, 2010-03-05, 4
100425 トヨタｖｓ大鵬薬品(Toyota vs Taiho), 289, 1271, 0, 0, Sports, 1271, true, False, 2010-04-25, 4
Alia Bhatt New look | Cute & funkey | fashion talk | latest photoshoot, 156, 10783, 5, 76, People & Blogs, 10783, true, False, 2014-09-30, 5
2000-2010 NBA Champions, 132, 1244, 2, 4, Music, 1244, true, False, 2010-12-24, 4
de sims 2 seizoenen, 234, 1358, 0, 3, Gaming, 1358, true, False, 2009-03-07, 4
Home Garden : Part 4 - Fencing + Soil & Plants, 270, 9709, 9, 29, Entertainment, 9709, true, False, 2008-05-07, 3
morceaux facile a la guitare "débutant", 261, 2800, 0, 39, Music, 2800, true, False, 2013-06-04, 4
Saudi F-15 fighter jet tails Iranian plane trying to land in Sanaa Yemen, 159, 56462, 107, 269, News & Politics, 56462, true, False, 2015-04-29, 3
The Ishtar Gate of Babylon at the Pergamon Museum, 222, 15474, 52, 106, Education, 15474, true, False, 2014-08-18, 5
Medley de Merengue Jorge Arroyo y su Orquesta, 406, 13550, 19, 87, Music, 13550, true, False, 2013-04-27, 4
Guardians of Hyjal - World of Warcraft Cataclysm OST, 135, 1947, 1, 5, Gaming, 1947, true, False, 2010-12-04, 5
Nx Zero - Só Rezo (Estação Rio) HD  31/05/2014, 319, 1424, 1, 13, Entertainment, 1424, true, False, 2014-06-02, 5
Desenho de dentista - 1931, 453, 2468, 0, 10, Film & Animation, 2468, true, False, 2010-09-04, 3
Sensibilià (Dirotta su Cuba) - bassline by Roberto Salomone, 255, 1966, 7, 0, Music, 1966, true, False, 2012-10-28, 3
Fender Jim Campilongo Telecaster '59, 228, 8175, 2, 15, Music, 8175, true, False, 2011-05-20, 4
banda estrellas de michoacan-ando bien pedo, 144, 3768, 2, 10, People & Blogs, 3768, true, False, 2011-07-06, 4
Dutch Masters Suite - Johan de Meij - 3er Movimiento - Banda de la Asociación Musical Moteña, 426, 3571, 1, 3, Nonprofits & Activism, 3571, true, False, 2009-10-23, 4
24/7 Flyers/Rangers - EP. 4 - Ending, 177, 169821, 123, 509, Sports, 169821, true, False, 2012-01-05, 3
戦場の絆　ベルファスト　ハイゴッグ, 231, 1155, 0, 2, Gaming, 1155, true, False, 2012-04-25, 4
Video Tutorial La Verdad Sobre Los Suplementos Deportivos Para Ganar Musculo, 225, 6945, 8, 41, Howto & Style, 6945, true, False, 2013-02-01, 5
3D видеошлем Oculus Rift, 278, 4426, 1, 12, Entertainment, 4426, true, False, 2014-04-21, 6
Ali Machinchy loses a Turbine. April 21  2012, 157, 25414, 17, 45, Sports, 25414, true, False, 2012-04-22, 6
Die besten und neusten Spiele cracken! Gaanz Eazy!, 361, 28849, 146, 339, People & Blogs, 28849, true, False, 2015-02-04, 5
DESTINY - TOP 5 CLIPS EPISODE #2, 164, 18630, 28, 241, Gaming, 18630, true, False, 2014-11-14, 5
THALIA - CERCA DE TI EN OTRO ROLLO, 239, 8231, 1, 46, Music, 8231, true, False, 2008-09-15, 3
Grillkota Drossel.mp4, 164, 31333, 0, 13, People & Blogs, 31333, true, False, 2010-05-04, 3
Джей Куш - Время (Премьера рэп-видео), 217, 2158, 2, 24, Music, 2158, true, False, 2012-10-25, 6
Brammo Empulse motorcycle@2010香港電單車節, 131, 92643, 6, 44, Autos & Vehicles, 92643, true, False, 2010-11-29, 4
Runescape Grand Exchange Dupe March th 2012  Just updated , 194, 1138, 2, 3, Gaming, 1138, true, False, 2011-05-04, 4
Blind Bags: Soft Spots | mindphlux, 247, 1734, 13, 13, Entertainment, 1734, true, False, 2014-05-12, 5
モンスターブリトに挑戦！！, 488, 25484, 3, 20, People & Blogs, 25484, true, False, 2010-06-03, 4
Metin2CZ JardakMETIN - Runový Meč [Part1]ᴴᴰ, 198, 7366, 19, 80, Gaming, 7366, true, False, 2013-03-10, 5
ΑΠΟΛΛΩΝ ΠΑΤΡΩΝ - ΠΑΟ 79-95, 132, 2839, 0, 7, Sports, 2839, true, False, 2014-05-03, 4
Narek & Karinka engagement, 232, 19436, 0, 67, People & Blogs, 19436, true, False, 2015-03-09, 6
Chodzi dziewce po pokoju - Skalnik - Kamionka Wielka, 169, 12925, 0, 39, Entertainment, 12925, true, False, 2014-07-30, 6
Вася Урал, 156, 409481, 326, 3903, Entertainment, 409481, true, False, 2015-01-26, 5
Модные свадебные платья 2015 от Вячеслава Зайцева / Платья для стильной невесты, 120, 2101, 0, 8, Howto & Style, 2101, true, False, 2014-12-17, 5
Musical Enlightenment: Dr. Surojeet Chatterji's Piano Playing Method, 139, 5687, 18, 65, Music, 5687, true, False, 2009-07-17, 5
شرح مشغل تكنك - technic, 378, 59103, 277, 1994, Gaming, 59103, true, False, 2013-07-03, 5
TO BYL NÁŠ HIT - Tornero - Ilona Csáková, 249, 19763, 4, 68, Music, 19763, true, False, 2012-02-21, 6
Ты рыбак. Песня, 241, 21631, 6, 175, People & Blogs, 21631, true, False, 2013-03-31, 3
Escuela de Futbol CLUB ALIANZA LIMA de Carlos "Mágico" Gonzales .flv, 181, 2070, 0, 5, Sports, 2070, true, False, 2012-01-19, 3
Linkin Park - New Divide_Live in Seoul  Korea 2011, 265, 3101, 0, 11, People & Blogs, 3101, true, False, 2011-09-10, 4
If I Die Young Cover - The Band Perry (Jasmine and Sophia), 127, 6088, 19, 44, Music, 6088, true, False, 2011-07-20, 4
#Mpatis #Vasilis_h #kardia kai to mialo #mouses 2013#Thessaloniki TV, 129, 2136, 4, 8, Entertainment, 2136, true, False, 2013-03-13, 4
If Ye Love Me (Philip Wilby), 168, 10673, 5, 33, People & Blogs, 10673, true, False, 2014-05-12, 4
Killerjagg en de FG Marder, 297, 27213, 7, 28, Entertainment, 27213, true, False, 2010-11-21, 5
Naru&Nao　Lindy Hop Performance2014, 169, 1868, 0, 0, Entertainment, 1868, true, False, 2014-05-25, 3
Call of Duty: Black Ops - Gioco delle Armi con Bots [ITA], 464, 12268, 17, 29, Gaming, 12268, true, False, 2010-11-20, 5
Zebrahead-His world w. lyrics, 206, 3499, 3, 15, Music, 3499, true, False, 2008-04-08, 4
NA, NA, NA, 0, 0, NA, NA, NA, NA, NA, None
kenso's vid, 353, 3908, 2, 8, Autos & Vehicles, 3908, true, False, 2006-05-08, 4
How to make Doll Nightgown DIY Tutorial, 181, 7830, 0, 120, Howto & Style, 7830, true, False, 2015-02-06, 6
戦国大戦 不敗国崩し, 478, 1585, 0, 0, Gaming, 1585, true, False, 2012-04-16, 4
Shot Clock.wmv, 299, 10010, 3, 46, Sports, 10010, true, False, 2011-11-27, 4
"Panda Pander" by Michael Cawood @ HEROmation **Award Winning** 2D Animated Short Film, 283, 6919, 9, 58, Film & Animation, 6919, true, False, 2006-06-27, 3
[FAN MADE] DotA 2 Sven's Theme: "The Rogue Knight", 174, 1770, 14, 25, Music, 1770, true, False, 2012-08-11, 5
International Loto Quebec Montreal - Australie 2009 (Part2/4), 455, 1072, 2, 4, Entertainment, 1072, true, False, 2009-07-05, 5
Adel Gresiczki - NOVICE 10-14 - FINALIST - WORLD POLE SPORTS CHAMPIONSHIPS 2014, 240, 15301, 3, 102, Sports, 15301, true, False, 2014-07-30, 6
VIDEO SPA BIKERS CLASSICS 2007, 210, 3520, 1, 3, Sports, 3520, true, False, 2008-01-11, 4
Ropa Invierno/Primavera 2015 (Mango  Stradivarius  Zara...), 291, 1180, 10, 42, Howto & Style, 1180, true, False, 2015-03-22, 4
Remarkable UFO footage from Kunming  China, 147, 26140, 15, 36, Science & Technology, 26140, true, False, 2013-10-21, 4
Kraken:  Tomb Raider Underworld Walkthrough Mission 1 on Hard, 462, 19241, 10, 36, Gaming, 19241, true, False, 2009-06-09, 4
Adam Gwon - "Alaska", 282, 2234, 1, 16, Music, 2234, true, False, 2011-04-07, 5
I Come From The Water - Toadies (Cover), 155, 1434, 6, 5, Music, 1434, true, False, 2009-10-24, 3
2014 統一全日本ダンス選手権大会　織田慶治　渡辺理子　引退, 288, 7972, 0, 13, Sports, 7972, true, False, 2014-11-07, 6
World of Tanks - Pz IV Work, 402, 6679, 12, 12, Gaming, 6679, true, False, 2011-08-21, 6
TUTORIAL RAPIDO | Easter Egg MAXIS | Torre de Babel, 122, 3788, 14, 57, Gaming, 3788, true, False, 2012-12-07, 5
神魔之塔-免費魔法石方法（113助手）, 182, 83204, 172, 266, People & Blogs, 83204, true, False, 2014-04-14, 4
[ドラレコ] 工事１車線規制なのに煽られる, 265, 15176, 20, 15, Autos & Vehicles, 15176, true, False, 2015-08-25, 5
Pelayaran  May Rock Fest 2012 Bukit Kiara, 178, 1255, 2, 1, Entertainment, 1255, true, False, 2012-10-21, 5
tablao el arenal sevilla, 205, 1938, 0, 1, Entertainment, 1938, true, False, 2010-04-04, 3
爆機兄弟 達哥 人中之龍維新！傳說中最畢的男人, 363, 48907, 24, 266, Gaming, 48907, true, False, 2014-02-26, 5
【横浜F・マリノス】2015-11 新潟戦三門・飯倉ヒーローインタビュー, 436, 1619, 0, 6, Sports, 1619, true, False, 2015-05-10, 6
"I'm Healed by the Wound in His Side" (prayer) - District Elder Dr. Eulah M. Nelson, 201, 2210, 3, 16, Nonprofits & Activism, 2210, true, False, 2010-03-27, 4
Bite Development for Puppies, 267, 6101, 3, 35, Pets & Animals, 6101, true, False, 2009-08-24, 3
Eliel Lazo Conga and Cowbell, 226, 46376, 51, 761, Music, 46376, true, False, 2015-03-26, 8
NA, NA, NA, 0, 0, NA, NA, NA, NA, NA, None
AP Shaco + Blitzcrank Montage!  Boxes + Grabs = Fun, 122, 1384, 0, 16, Gaming, 1384, true, False, 2014-01-14, 5
2006 ACTION CRAFT 1802, 248, 5343, 2, 5, Film & Animation, 5343, true, False, 2011-06-01, 4
Ｍｅｍｏｒｙ青春の光　鈴木愛理, 211, 437393, 78, 2017, Entertainment, 437393, true, False, 2012-08-26, 4
Morning Storm Outdoors Presents: Aaron Templins Monster Fish, 179, 116684, 3, 63, Travel & Events, 116684, true, False, 2012-09-10, 5
ELK施工のIKEA　BESTA壁面収納説明2（TV配線）, 144, 26974, 0, 21, People & Blogs, 26974, true, False, 2014-01-14, 6
バトルロープ, 259, 2480, 0, 3, People & Blogs, 2480, true, False, 2012-07-14, 6
La vecchia nemica! Ep.1, 216, 1317, 7, 46, Entertainment, 1317, true, False, 2013-09-22, 6
Venuti's Banquet Hall - Imagine your Special Day Surrounded by Elegance, 131, 5400, 0, 3, Travel & Events, 5400, true, False, 2011-12-30, 5
LALALA - LMFAO | HYPER CRUSH REMIX [MV] Collab | ImSoNinjaHappy, 209, 1422, 3, 9, Entertainment, 1422, true, False, 2010-12-26, 5
Attack Of The Funk Mutants - I Am Batman!, 253, 1941, 1, 8, Music, 1941, true, False, 2007-04-18, 4
Alter Bridge @Download Festival 2014, 275, 11226, 30, 165, Music, 11226, true, False, 2014-06-16, 6
شريف الغمراوى ووائل الغمراوى  والغيبوبة والدنيا مقلوبة 2012, 238, 33014, 4, 29, Music, 33014, true, False, 2012-08-09, 3
Voor hetzelfde geld: zonnepanelen, 469, 7712, 1, 9, Entertainment, 7712, true, False, 2014-05-15, 3
キャデラックレコードライブ, 145, 2244, 0, 1, Entertainment, 2244, true, False, 2009-09-14, 4
Campionato Italiano FIDS 2008, 478, 15566, 0, 7, Sports, 15566, true, False, 2008-09-13, 4
Dj Rai - Step by Step (Live at PaniC), 152, 4885, 1, 11, People & Blogs, 4885, true, False, 2011-09-03, 6
グリコ 妖怪ウォッチプリン, 155, 13413, 0, 20, Howto & Style, 13413, true, False, 2015-08-26, 6
HOW TO GET BEES OUT OF A WALL!!!!, 323, 378774, 98, 629, Pets & Animals, 378774, true, False, 2011-04-09, 3
Into The Fire - A Tribute to Firefighters, 301, 169884, 46, 136, Film & Animation, 169884, true, False, 2007-10-24, 3
Thunder Music Vid, 253, 2820, 12, 36, Music, 2820, true, False, 2008-05-01, 4
海星高中/綜三ㄏㄢˋ最後的聖歌演出., 243, 1902, 0, 7, Travel & Events, 1902, true, False, 2011-12-24, 5
EFC DIGITAL  www.efcimportados.tk, 139, 1978, 0, 0, Science & Technology, 1978, true, False, 2011-03-23, 4
FOX LANE CHEERLEADING  COMPETITION, 181, 1790, 0, 4, Autos & Vehicles, 1790, true, False, 2012-03-04, 4
FC Hansa Rostock - Zeitreise, 396, 10424, 4, 34, Sports, 10424, true, False, 2012-09-02, 6
Guns N Roses Brisbane June 20th, 244, 3462, 6, 14, Music, 3462, true, False, 2007-06-23, 3
Sims 3 All Different Types of Ghosts, 285, 5403, 11, 25, Gaming, 5403, true, False, 2012-02-26, 4
Como colocar save game no Gta IV, 253, 4406, 19, 36, People & Blogs, 4406, true, False, 2013-10-03, 6
PERICO LEON PRONOSTICOS DEL MUNDIAL 2010, 171, 5767, 8, 10, Sports, 5767, true, False, 2010-05-23, 5
Awesome Turkey Hunting Video - Turkey Gets Head Shot Off With a Bow, 179, 1850, 1, 8, Sports, 1850, true, False, 2013-03-23, 5
What is a BAD ESN?  What is an ESN?  Where is the ESN?, 408, 285814, 204, 988, Howto & Style, 285814, true, False, 2012-02-20, 4
WOTA - AI test MG 34 - totally WIP - mobile U-Boat simulation game, 184, 4207, 14, 24, Gaming, 4207, true, False, 2014-07-15, 4
Damon y Stefan   It will be because he loves you 3x08, 217, 33570, 21, 332, People & Blogs, 33570, true, False, 2011-11-06, 4
Hilary Duff Fly (Dignity Tour) HD, 236, 5362, 2, 19, Music, 5362, true, False, 2010-03-05, 3
cs-psp cs-portable Brasil, 213, 17313, 0, 24, Gaming, 17313, true, False, 2008-07-10, 3
Nico Della Vedova  nuevo DVD en viaje( Adelanto) DELLA VIUDA "Lejos de aca", 253, 2418, 2, 16, Music, 2418, true, False, 2011-08-14, 4
Hobie AI Sailing on Trampoline, 189, 11280, 2, 14, Sports, 11280, true, False, 2009-11-16, 3
charlo twins on canelo lara and talk vanes martirosyan fight EsNews, 178, 1350, 5, 17, Sports, 1350, true, False, 2014-07-11, 5
Soluna Vios Test Shell V-Power Nitro+, 452, 4485, 2, 4, Autos & Vehicles, 4485, true, False, 2012-09-18, 3
Maxi Wash, 318, 9869, 0, 21, People & Blogs, 9869, true, False, 2012-11-13, 3
Sean Coleman & band  Plough and Stars  Cambridge  MA  11.26.11, 144, 1581, 6, 13, Music, 1581, true, False, 2011-11-29, 4
Walton walpad 8, 211, 4465, 2, 12, People & Blogs, 4465, true, False, 2013-11-17, 5
drakstaden montage, 126, 2980, 8, 13, Sports, 2980, true, False, 2011-02-27, 6
"Нёман" (Гродна) - "Рэчыца 2014"  01.08.2015  другі матч 1/16 Кубка Беларусі 2015/2016, 431, 2114, 0, 8, People & Blogs, 2114, true, False, 2015-08-01, 4
Como ponerse un skin en minecraft no premium 1.7.2 y para todas las versiones, 305, 193710, 412, 2343, Gaming, 193710, true, False, 2013-12-15, 5
Приключение Фреда и Вилли в майнкрафте, 227, 12185, 11, 170, Gaming, 12185, true, False, 2014-12-14, 5
Avatar/Harry Potter ~ Parodie (VF), 197, 2833, 10, 29, Comedy, 2833, true, False, 2013-02-02, 3
KLE621 FULL HORNET RED METALIC ROTINA DE TRABALHO. 25-04-2014, 304, 12050, 90, 934, Autos & Vehicles, 12050, true, False, 2014-04-25, 6
Rachmaninoff - Prelude in G sharp minor, 198, 1673, 3, 7, Music, 1673, true, False, 2007-05-28, 3
UNLOCKED AMAZON FIRE TV BOX W/ KODI TUTORIAL: GETTING STARTED, 456, 24612, 4, 43, People & Blogs, 24612, true, False, 2015-06-09, 6
Как почистить ноутбук HP pavilion dv6 от пыли  хьюлит паккард павилион без разборки., 276, 59317, 30, 162, People & Blogs, 59317, true, False, 2014-03-09, 4
Ice Bucket Challenge Costume, 298, 31852, 0, 242, Howto & Style, 31852, true, False, 2014-08-30, 6
robert garcia: cuban big man mike perez got sick skills - EsNews Boxing, 200, 1780, 4, 24, Sports, 1780, true, False, 2014-12-22, 5
Modern Warfare 3 Glitch - *NEW* Solo Out/Under/On top OutPost Wall Breach, 142, 38004, 65, 0, Gaming, 38004, true, False, 2011-11-14, 5
Toray way of Dailys 2, 335, 2026, 7, 18, Education, 2026, true, False, 2008-04-08, 4
京急川崎駅にて回送電車の折り返し, 318, 12338, 3, 25, Autos & Vehicles, 12338, true, False, 2012-11-05, 5
Sofia the First Masquerade Dress Up Party with Princess Amber in Sofia's Magical Talking Castle 2015, 296, 1461714, 0, 0, Entertainment, 1461714, true, False, 2015-01-12, 6
Pelerinaj Ucraina -Crimeea 2011, 124, 2450, 0, 11, Education, 2450, true, False, 2011-08-11, 3
Lets play hack fragment part2, 487, 1740, 1, 3, Gaming, 1740, true, False, 2011-09-16, 4
handball leonidas paides, 144, 1095, 2, 3, Sports, 1095, true, False, 2008-11-13, 3
ファイト!川崎フロンターレ【第１８節：サンフレッチェ広島戦】, 392, 11410, 0, 18, Sports, 11410, true, False, 2012-07-21, 6
Polymer clay jewelry share & in the works, 290, 2361, 26, 67, Howto & Style, 2361, true, False, 2015-02-04, 4
A Christmas Carol Nederlands ondertitelde trailer, 151, 40451, 0, 137, Film & Animation, 40451, true, False, 2009-11-17, 3
Goo Goo Dolls - Better Days - Joliet  IL - July 9  2009, 198, 2277, 2, 6, Music, 2277, true, False, 2009-07-11, 4
BMW M3 E90 & AUDI RS4 & MERCEDES C 63 AMG, 229, 5900, 1, 4, Autos & Vehicles, 5900, true, False, 2008-12-12, 4
Mano Fox ft Bocas ft Moniz - Nha mama flan - V.A Records VideoClip Oficial, 480, 124913, 32, 1052, Music, 124913, true, False, 2014-02-21, 6
צחי - מעגל רואדה ביילה סלסה, 274, 1423, 0, 0, Entertainment, 1423, true, False, 2010-10-10, 4
Cooking Mama 4 Kitchen Magic 3DS [Udon], 467, 8495, 2, 8, People & Blogs, 8495, true, False, 2011-11-30, 5
Alexis Bledel Twilight  vampire face change makeup tutorial Photoshop, 202, 11962, 10, 18, Howto & Style, 11962, true, False, 2009-07-03, 5
Tug Boat Near Miss, 156, 175541, 50, 140, Autos & Vehicles, 175541, true, False, 2009-01-12, 4
NEW LPS BLIND BAG OPENING my first Littlest Pets Blind Bag ever, 128, 1946, 0, 26, Entertainment, 1946, true, False, 2014-08-16, 6
Windows 8 Movie App, 276, 2695, 2, 9, Howto & Style, 2695, true, False, 2014-02-21, 5
2013.08.15 M1-3E 首位攻防がっぷり四つも則本が気迫勝ち11勝目, 166, 19358, 12, 65, Sports, 19358, true, False, 2013-08-15, 5
New!!! Zlatan IBRAHIMOVIC 2009, 292, 5836, 0, 5, Sports, 5836, true, False, 2009-06-18, 4
Dejame Saber Gotay Ft ñengo Flow  Jory (VIDEO) REGGAETON 2012_DALE ME GUSTA_, 253, 5081, 0, 22, Music, 5081, true, False, 2013-01-04, 4
Baile tipico costarricense grupo  Las chaguelas La Linda Costa Rica, 179, 1468, 0, 4, Music, 1468, true, False, 2013-09-14, 4
I migliori giochi per la ps3, 131, 6745, 7, 55, Comedy, 6745, true, False, 2013-07-15, 3
Intro y notas del tema en teclado No veo la Hora, 281, 4657, 2, 8, Music, 4657, true, False, 2010-09-22, 3
Episode 2 Alaska to Alberta, 420, 1854, 5, 12, Travel & Events, 1854, true, False, 2012-12-26, 5
TITULO MUNDIAL 6to RAUND, 201, 3325, 0, 3, Sports, 3325, true, False, 2007-08-20, 4
New Australia Thomas Products 2009, 141, 118328, 0, 16, Entertainment, 118328, true, False, 2009-10-01, 4
Magic Mirror in 1 Command | Minecraft, 292, 3752, 10, 83, Gaming, 3752, true, False, 2015-08-29, 5
combat arms mikimas todos.avi, 372, 2715, 1, 0, Entertainment, 2715, true, False, 2011-09-09, 6
4 Extraños en D.C - Parche Ramonero Parte 3, 267, 71371, 49, 321, Comedy, 71371, true, False, 2009-02-02, 3
Enrique Iglesias jingle ball miami 2010, 401, 3947, 3, 9, Comedy, 3947, true, False, 2010-12-11, 4
Got Doubles? Make Rad Grooves With Them! - Advanced Drum Lessons, 203, 4105, 9, 66, Education, 4105, true, False, 2012-07-22, 5
ABADA CAPOEIRA MESTRE CAMISA-JOGO DE IUNA-HUMAITA  RIO D JANEIRO ANO 98-TORERO RIO-98, 397, 13770, 3, 61, Sports, 13770, true, False, 2010-06-10, 4
REO Speedwagon Don't Let Him Go, 286, 16496, 3, 23, Music, 16496, true, False, 2009-11-17, 4
Магазин Новый Хиджаб - одежда для верующих, 241, 42562, 22, 80, Nonprofits & Activism, 42562, true, False, 2010-10-19, 4
Vasco Medley Acustico San Siro 16.06.11 - Live KOM 2011, 473, 2755, 0, 5, Music, 2755, true, False, 2011-06-18, 5
Drift Skate Brazil - 2, 213, 1878, 10, 3, Sports, 1878, true, False, 2012-12-28, 5
GTA San Andreas Cleo 3 Mod, 156, 10453, 7, 8, Gaming, 10453, true, False, 2010-06-15, 3
Ballet Shoes, 229, 29558, 9, 68, Entertainment, 29558, true, False, 2009-03-21, 4
Guarani 1x0 Barueri - Volta da Fúria aos estádios - Planeta Guarani, 498, 16977, 10, 163, Sports, 16977, true, False, 2012-09-12, 4
Kickin Rhythm Kids, 170, 1258, 4, 5, Entertainment, 1258, true, False, 2009-05-03, 4
Eastpointe D6 Nationals.MOV, 159, 1417, 0, 0, Sports, 1417, true, False, 2010-08-01, 5
Mythic Twin Ogron: Protection Warrior PoV, 459, 2571, 10, 16, Gaming, 2571, true, False, 2014-12-11, 6
Minecraft Automatic Farm with Hopper, 203, 7112, 9, 24, Gaming, 7112, true, False, 2013-01-05, 5
Loot from 10 hours of Vorago, 170, 385881, 439, 2164, Gaming, 385881, true, False, 2013-07-05, 5
Катя Клэп! Уход за Волосами   Tutorial Ч 3, 281, 1351, 0, 6, Howto & Style, 1351, true, False, 2014-06-14, 3
Showaddywaddy - Runaround Sue, 159, 49690, 16, 129, Music, 49690, true, False, 2010-06-26, 4
8avos Seda VS McYuyu www preparadogallos es tl, 154, 3537, 11, 15, Music, 3537, true, False, 2009-05-24, 4
Burhan G - Tag Hvad Du Vil & Jeg' I Live (Live @ Helte Galla 2011), 226, 64262, 25, 207, Music, 64262, true, False, 2011-12-30, 6
KENYON - du même bateau (Wmi clip), 244, 337138, 64, 1797, Music, 337138, true, False, 2012-01-28, 6
Portrait Studio, 163, 4660, 5, 91, Comedy, 4660, true, False, 2013-08-13, 5
Tom Clancy's Hawx All Planes, 266, 10055, 8, 8, People & Blogs, 10055, true, False, 2009-07-21, 3
Hatteras Island Beach Report - 2.25.13 - Avon NC, 122, 1038, 0, 4, Travel & Events, 1038, true, False, 2013-02-25, 6
TeeHee Valley (3 Remixes: 8-Bit  DS-Style  and Remastered), 289, 30695, 44, 447, Music, 30695, true, False, 2010-09-12, 5
Polymer Clay TV # 127 - molding UV resin, 346, 8078, 0, 23, Howto & Style, 8078, true, False, 2009-11-19, 3
Naruto Shippuden Narutimate Accel 3 Sasuke Vs Deidara HD.wmv, 154, 7697, 11, 13, Gaming, 7697, true, False, 2009-12-16, 3
Colorado Longboarding: Gettin' Live, 175, 4622, 17, 80, Sports, 4622, true, False, 2013-04-12, 6
Tempesta a New York - Thursday storm rolling accross Brooklyn, 121, 12649, 2, 4, News & Politics, 12649, true, False, 2010-09-17, 3
Не попса - Зима - холода (Андрей Губин), 182, 5624, 6, 86, Music, 5624, true, False, 2013-04-05, 6
2009 Arlen Ness Victory Vision, 339, 18105, 5, 17, Autos & Vehicles, 18105, true, False, 2008-07-22, 3
Steve Jobs step down as CEO of Apple, 137, 1913, 2, 4, Science & Technology, 1913, true, False, 2011-08-24, 5
